编号,名称,星级,职阶,突破1.1,突破1.2,突破1.3,突破1.4,突破1.5,突破2.1,突破2.2,突破2.3,突破2.4,突破2.5,突破3.1,突破3.2,突破3.3,突破3.4,突破3.5,突破4.1,突破4.2,突破4.3,突破4.4,突破4.5,技能2.1,技能2.2,技能2.3,技能2.4,技能2.5,技能3.1,技能3.2,技能3.3,技能3.4,技能3.5,技能4.1,技能4.2,技能4.3,技能4.4,技能4.5,技能5.1,技能5.2,技能5.3,技能5.4,技能5.5,技能6.1,技能6.2,技能6.3,技能6.4,技能6.5,技能7.1,技能7.2,技能7.3,技能7.4,技能7.5,技能8.1,技能8.2,技能8.3,技能8.4,技能8.5,技能9.1,技能9.2,技能9.3,技能9.4,技能9.5,技能10.1,技能10.2,技能10.3,技能10.4,技能10.5
1,玛修·基列莱特,4,Shielder,,,,,,,,,,,,,,,,,,,,,英雄之证*5,,,,,龙之牙*5,,,,,世界树之种*5,,,,,八连双晶*5,,,,,虚影之尘*5,,,,,无间齿轮*5,,,,,凤凰羽毛*5,,,,,龙之逆鳞*5,,,,,传承结晶*1,,,,
2,阿尔托莉雅·潘德拉贡,5,Saber,剑阶银棋*5,,,,,剑阶银棋*12,龙之牙*18,,,,剑阶金像*5,英雄之证*29,凤凰羽毛*4,,,剑阶金像*12,凤凰羽毛*8,龙之逆鳞*5,,,剑之辉石*5,,,,,剑之辉石*12,,,,,剑之魔石*5,,,,,剑之魔石*12,英雄之证*15,,,,剑之秘石*5,英雄之证*29,,,,剑之秘石*12,龙之牙*12,,,,龙之牙*24,混沌之爪*4,,,,混沌之爪*11,龙之逆鳞*10,,,,传承结晶*1,,,,
3,阿尔托莉雅·潘德拉贡(Alter),4,Saber,剑阶银棋*4,,,,,剑阶银棋*10,龙之牙*15,,,,剑阶金像*4,混沌之爪*5,龙之逆鳞*2,,,剑阶金像*10,龙之逆鳞*4,蛮神心脏*4,,,剑之辉石*4,,,,,剑之辉石*10,,,,,剑之魔石*4,,,,,剑之魔石*10,混沌之爪*3,,,,剑之秘石*4,混沌之爪*5,,,,剑之秘石*10,龙之牙*10,,,,龙之牙*20,虚影之尘*10,,,,虚影之尘*30,蛮神心脏*8,,,,传承结晶*1,,,,
4,阿尔托莉雅·潘德拉贡(Lily),4,Saber,剑阶银棋*4,,,,,剑阶银棋*10,英雄之证*18,,,,剑阶金像*4,龙之牙*20,世界树之种*5,,,剑阶金像*10,世界树之种*10,龙之逆鳞*4,,,剑之辉石*4,,,,,剑之辉石*10,,,,,剑之魔石*4,,,,,剑之魔石*10,龙之牙*10,,,,剑之秘石*4,龙之牙*20,,,,剑之秘石*10,英雄之证*12,,,,英雄之证*24,混沌之爪*3,,,,混沌之爪*9,龙之逆鳞*8,,,,传承结晶*1,,,,
5,尼禄·克劳狄乌斯,4,Saber,剑阶银棋*4,,,,,剑阶银棋*10,八连双晶*6,,,,剑阶金像*4,凤凰羽毛*7,鬼魂提灯*4,,,剑阶金像*10,鬼魂提灯*8,无间齿轮*10,,,剑之辉石*4,,,,,剑之辉石*10,,,,,剑之魔石*4,,,,,剑之魔石*10,凤凰羽毛*4,,,,剑之秘石*4,凤凰羽毛*7,,,,剑之秘石*10,八连双晶*4,,,,八连双晶*8,龙之牙*12,,,,龙之牙*36,无间齿轮*20,,,,传承结晶*1,,,,
6,齐格飞,4,Saber,剑阶银棋*4,,,,,剑阶银棋*10,龙之牙*15,,,,剑阶金像*4,世界树之种*10,英雄之证*12,,,剑阶金像*10,英雄之证*24,龙之逆鳞*4,,,剑之辉石*4,,,,,剑之辉石*10,,,,,剑之魔石*4,,,,,剑之魔石*10,世界树之种*5,,,,剑之秘石*4,世界树之种*10,,,,剑之秘石*10,龙之牙*10,,,,龙之牙*20,蛮神心脏*2,,,,蛮神心脏*6,龙之逆鳞*8,,,,传承结晶*1,,,,
7,盖乌斯·尤利乌斯·恺撒,3,Saber,剑阶银棋*4,,,,,剑阶银棋*8,英雄之证*15,,,,剑阶金像*4,无间齿轮*7,禁断书页*4,,,剑阶金像*8,禁断书页*7,混沌之爪*5,,,剑之辉石*4,,,,,剑之辉石*8,,,,,剑之魔石*4,,,,,剑之魔石*8,无间齿轮*4,,,,剑之秘石*4,无间齿轮*7,,,,剑之秘石*8,英雄之证*10,,,,英雄之证*20,陨蹄铁*4,,,,陨蹄铁*12,混沌之爪*10,,,,传承结晶*1,,,,
8,阿蒂拉,5,Saber,剑阶银棋*5,,,,,剑阶银棋*12,虚影之尘*15,,,,剑阶金像*5,混沌之爪*6,陨蹄铁*5,,,剑阶金像*12,陨蹄铁*10,蛮神心脏*5,,,剑之辉石*5,,,,,剑之辉石*12,,,,,剑之魔石*5,,,,,剑之魔石*12,混沌之爪*3,,,,剑之秘石*5,混沌之爪*6,,,,剑之秘石*12,虚影之尘*10,,,,虚影之尘*20,凶骨*18,,,,凶骨*54,蛮神心脏*10,,,,传承结晶*1,,,,
9,吉尔·德·雷,3,Saber,剑阶银棋*4,,,,,剑阶银棋*8,英雄之证*15,,,,剑阶金像*4,虚影之尘*13,凶骨*10,,,剑阶金像*8,凶骨*20,蛮神心脏*4,,,剑之辉石*4,,,,,剑之辉石*8,,,,,剑之魔石*4,,,,,剑之魔石*8,虚影之尘*7,,,,剑之秘石*4,虚影之尘*13,,,,剑之秘石*8,英雄之证*10,,,,英雄之证*20,鬼魂提灯*4,,,,鬼魂提灯*12,蛮神心脏*7,,,,传承结晶*1,,,,
10,骑士迪昂,4,Saber,剑阶银棋*4,,,,,剑阶银棋*10,英雄之证*18,,,,剑阶金像*4,世界树之种*10,凤凰羽毛*4,,,剑阶金像*10,凤凰羽毛*7,蛇之宝玉*8,,,剑之辉石*4,,,,,剑之辉石*10,,,,,剑之魔石*4,,,,,剑之魔石*10,世界树之种*5,,,,剑之秘石*4,世界树之种*10,,,,剑之秘石*10,英雄之证*12,,,,英雄之证*24,禁断书页*5,,,,禁断书页*15,蛇之宝玉*16,,,,传承结晶*1,,,,
11,卫宫,4,Archer,弓阶银棋*4,,,,,弓阶银棋*10,英雄之证*18,,,,弓阶金像*4,无间齿轮*8,蛮神心脏*2,,,弓阶金像*10,蛮神心脏*4,虚影之尘*20,,,弓之辉石*4,,,,,弓之辉石*10,,,,,弓之魔石*4,,,,,弓之魔石*10,无间齿轮*4,,,,弓之秘石*4,无间齿轮*8,,,,弓之秘石*10,英雄之证*12,,,,英雄之证*24,凤凰羽毛*4,,,,凤凰羽毛*12,虚影之尘*40,,,,传承结晶*1,,,,
12,吉尔伽美什,5,Archer,弓阶银棋*5,,,,,弓阶银棋*12,蛇之宝玉*6,,,,弓阶金像*5,英雄之证*29,龙之逆鳞*2,,,弓阶金像*12,龙之逆鳞*4,蛮神心脏*5,,,弓之辉石*5,,,,,弓之辉石*12,,,,,弓之魔石*5,,,,,弓之魔石*12,英雄之证*15,,,,弓之秘石*5,英雄之证*29,,,,弓之秘石*12,蛇之宝玉*4,,,,蛇之宝玉*8,虚影之尘*12,,,,虚影之尘*36,蛮神心脏*10,,,,传承结晶*1,,,,
13,罗宾汉,3,Archer,弓阶银棋*4,,,,,弓阶银棋*8,世界树之种*6,,,,弓阶金像*4,蛇之宝玉*6,龙之牙*8,,,弓阶金像*8,龙之牙*16,虚影之尘*16,,,弓之辉石*4,,,,,弓之辉石*8,,,,,弓之魔石*4,,,,,弓之魔石*8,蛇之宝玉*3,,,,弓之秘石*4,蛇之宝玉*6,,,,弓之秘石*8,世界树之种*4,,,,世界树之种*8,凤凰羽毛*4,,,,凤凰羽毛*10,虚影之尘*32,,,,传承结晶*1,,,,
14,阿塔兰忒,4,Archer,弓阶银棋*4,,,,,弓阶银棋*10,凤凰羽毛*5,,,,弓阶金像*4,龙之牙*20,蛇之宝玉*4,,,弓阶金像*10,蛇之宝玉*7,世界树之种*12,,,弓之辉石*4,,,,,弓之辉石*10,,,,,弓之魔石*4,,,,,弓之魔石*10,龙之牙*10,,,,弓之秘石*4,龙之牙*20,,,,弓之秘石*10,凤凰羽毛*4,,,,凤凰羽毛*7,虚影之尘*10,,,,虚影之尘*30,世界树之种*24,,,,传承结晶*1,,,,
15,尤瑞艾莉,3,Archer,弓阶银棋*4,,,,,弓阶银棋*8,蛇之宝玉*4,,,,弓阶金像*4,龙之逆鳞*3,虚影之尘*7,,,弓阶金像*8,虚影之尘*13,蛮神心脏*4,,,弓之辉石*4,,,,,弓之辉石*8,,,,,弓之魔石*4,,,,,弓之魔石*8,龙之逆鳞*2,,,,弓之秘石*4,龙之逆鳞*3,,,,弓之秘石*8,蛇之宝玉*3,,,,蛇之宝玉*6,混沌之爪*3,,,,混沌之爪*8,蛮神心脏*7,,,,传承结晶*1,,,,
16,阿拉什,1,Archer,弓阶银棋*2,,,,,弓阶银棋*4,世界树之种*3,,,,弓阶金像*2,英雄之证*10,八连双晶*2,,,弓阶金像*4,八连双晶*4,虚影之尘*8,,,弓之辉石*2,,,,,弓之辉石*4,,,,,弓之魔石*2,,,,,弓之魔石*4,英雄之证*5,,,,弓之秘石*2,英雄之证*10,,,,弓之秘石*4,世界树之种*2,,,,世界树之种*4,人工生命体幼体*2,,,,人工生命体幼体*6,虚影之尘*16,,,,传承结晶*1,,,,
17,库·丘林,3,Lancer,枪阶银棋*4,,,,,枪阶银棋*8,混沌之爪*3,,,,枪阶金像*4,世界树之种*8,八连双晶*4,,,枪阶金像*8,八连双晶*7,凤凰羽毛*7,,,枪之辉石*4,,,,,枪之辉石*8,,,,,枪之魔石*4,,,,,枪之魔石*8,世界树之种*4,,,,枪之秘石*4,世界树之种*8,,,,枪之秘石*8,混沌之爪*2,,,,混沌之爪*4,英雄之证*12,,,,英雄之证*36,凤凰羽毛*13,,,,传承结晶*1,,,,
18,伊丽莎白·巴托里,4,Lancer,枪阶银棋*4,,,,,枪阶银棋*10,龙之牙*15,,,,枪阶金像*4,龙之逆鳞*4,混沌之爪*3,,,枪阶金像*10,混沌之爪*5,凤凰羽毛*8,,,枪之辉石*4,,,,,枪之辉石*10,,,,,枪之魔石*4,,,,,枪之魔石*10,龙之逆鳞*2,,,,枪之秘石*4,龙之逆鳞*4,,,,枪之秘石*10,龙之牙*10,,,,龙之牙*20,禁断书页*5,,,,禁断书页*15,凤凰羽毛*16,,,,传承结晶*1,,,,
19,武藏坊弁庆,2,Lancer,枪阶银棋*3,,,,,枪阶银棋*6,凶骨*11,,,,枪阶金像*3,世界树之种*6,人工生命体幼体*3,,,枪阶金像*6,人工生命体幼体*5,虚影之尘*12,,,枪之辉石*3,,,,,枪之辉石*6,,,,,枪之魔石*3,,,,,枪之魔石*6,世界树之种*3,,,,枪之秘石*3,世界树之种*6,,,,枪之秘石*6,凶骨*8,,,,凶骨*15,虚影之尘*6,,,,虚影之尘*42,,,,,传承结晶*1,,,,
20,库·丘林(Prototype),3,Lancer,枪阶银棋*4,,,,,枪阶银棋*8,虚影之尘*10,,,,枪阶金像*4,世界树之种*8,混沌之爪*2,,,枪阶金像*8,混沌之爪*4,八连双晶*8,,,枪之辉石*4,,,,,枪之辉石*8,,,,,枪之魔石*4,,,,,枪之魔石*8,世界树之种*4,,,,枪之秘石*4,世界树之种*8,,,,枪之秘石*8,虚影之尘*7,,,,虚影之尘*13,英雄之证*12,,,,英雄之证*36,八连双晶*16,,,,传承结晶*1,,,,
21,列奥尼达一世,2,Lancer,枪阶银棋*3,,,,,枪阶银棋*6,混沌之爪*3,,,,枪阶金像*3,虚影之尘*10,八连双晶*3,,,枪阶金像*6,八连双晶*5,凶骨*18,,,枪之辉石*3,,,,,枪之辉石*6,,,,,枪之魔石*3,,,,,枪之魔石*6,虚影之尘*5,,,,枪之秘石*3,虚影之尘*10,,,,枪之秘石*6,混沌之爪*2,,,,混沌之爪*3,蛇之宝玉*3,,,,蛇之宝玉*8,凶骨*36,,,,传承结晶*1,,,,
22,罗穆路斯,3,Lancer,枪阶银棋*4,,,,,枪阶银棋*8,八连双晶*5,,,,枪阶金像*4,凤凰羽毛*6,凶骨*10,,,枪阶金像*8,凶骨*20,虚影之尘*16,,,枪之辉石*4,,,,,枪之辉石*8,,,,,枪之魔石*4,,,,,枪之魔石*8,凤凰羽毛*3,,,,枪之秘石*4,凤凰羽毛*6,,,,枪之秘石*8,八连双晶*4,,,,八连双晶*7,无间齿轮*4,,,,无间齿轮*12,虚影之尘*32,,,,传承结晶*1,,,,
23,美杜莎,3,Rider,骑阶银棋*4,,,,,骑阶银棋*8,蛇之宝玉*4,,,,骑阶金像*4,虚影之尘*13,陨蹄铁*4,,,骑阶金像*8,陨蹄铁*7,凤凰羽毛*7,,,骑之辉石*4,,,,,骑之辉石*8,,,,,骑之魔石*4,,,,,骑之魔石*8,虚影之尘*7,,,,骑之秘石*4,虚影之尘*13,,,,骑之秘石*8,蛇之宝玉*3,,,,蛇之宝玉*6,蛮神心脏*2,,,,蛮神心脏*5,凤凰羽毛*13,,,,传承结晶*1,,,,
24,乔尔乔斯,2,Rider,骑阶银棋*3,,,,,骑阶银棋*6,英雄之证*11,,,,骑阶金像*3,凤凰羽毛*4,禁断书页*3,,,骑阶金像*6,禁断书页*5,陨蹄铁*6,,,骑之辉石*3,,,,,骑之辉石*6,,,,,骑之魔石*3,,,,,骑之魔石*6,凤凰羽毛*2,,,,骑之秘石*3,凤凰羽毛*4,,,,骑之秘石*6,英雄之证*8,,,,英雄之证*15,无间齿轮*3,,,,无间齿轮*9,陨蹄铁*12,,,,传承结晶*1,,,,
25,爱德华·蒂奇,2,Rider,骑阶银棋*3,,,,,骑阶银棋*6,凶骨*11,,,,骑阶金像*3,八连双晶*5,禁断书页*3,,,骑阶金像*6,禁断书页*5,鬼魂提灯*6,,,骑之辉石*3,,,,,骑之辉石*6,,,,,骑之魔石*3,,,,,骑之魔石*6,八连双晶*3,,,,骑之秘石*3,八连双晶*5,,,,骑之秘石*6,凶骨*8,,,,凶骨*15,人工生命体幼体*3,,,,人工生命体幼体*9,鬼魂提灯*12,,,,传承结晶*1,,,,
26,布狄卡,3,Rider,骑阶银棋*4,,,,,骑阶银棋*8,凤凰羽毛*4,,,,骑阶金像*4,凶骨*20,陨蹄铁*4,,,骑阶金像*8,陨蹄铁*7,虚影之尘*16,,,骑之辉石*4,,,,,骑之辉石*8,,,,,骑之魔石*4,,,,,骑之魔石*8,凶骨*10,,,,骑之秘石*4,凶骨*20,,,,骑之秘石*8,凤凰羽毛*3,,,,凤凰羽毛*6,蛇之宝玉*4,,,,蛇之宝玉*10,虚影之尘*32,,,,传承结晶*1,,,,
27,牛若丸,3,Rider,骑阶银棋*4,,,,,骑阶银棋*8,英雄之证*15,,,,骑阶金像*4,陨蹄铁*7,鬼魂提灯*4,,,骑阶金像*8,鬼魂提灯*7,八连双晶*8,,,骑之辉石*4,,,,,骑之辉石*8,,,,,骑之魔石*4,,,,,骑之魔石*8,陨蹄铁*4,,,,骑之秘石*4,陨蹄铁*7,,,,骑之秘石*8,英雄之证*10,,,,英雄之证*20,无间齿轮*4,,,,无间齿轮*12,八连双晶*16,,,,传承结晶*1,,,,
28,亚历山大,3,Rider,骑阶银棋*4,,,,,骑阶银棋*8,陨蹄铁*5,,,,骑阶金像*4,八连双晶*7,凤凰羽毛*3,,,骑阶金像*8,凤凰羽毛*6,英雄之证*24,,,骑之辉石*4,,,,,骑之辉石*8,,,,,骑之魔石*4,,,,,骑之魔石*8,八连双晶*4,,,,骑之秘石*4,八连双晶*7,,,,骑之秘石*8,陨蹄铁*4,,,,陨蹄铁*7,混沌之爪*3,,,,混沌之爪*8,英雄之证*48,,,,传承结晶*1,,,,
29,玛丽·安托瓦内特,4,Rider,骑阶银棋*4,,,,,骑阶银棋*10,凤凰羽毛*5,,,,骑阶金像*4,蛇之宝玉*7,陨蹄铁*4,,,骑阶金像*10,陨蹄铁*8,无间齿轮*10,,,骑之辉石*4,,,,,骑之辉石*10,,,,,骑之魔石*4,,,,,骑之魔石*10,蛇之宝玉*4,,,,骑之秘石*4,蛇之宝玉*7,,,,骑之秘石*10,凤凰羽毛*4,,,,凤凰羽毛*7,蛮神心脏*2,,,,蛮神心脏*6,无间齿轮*20,,,,传承结晶*1,,,,
30,玛尔达,4,Rider,骑阶银棋*4,,,,,骑阶银棋*10,龙之牙*15,,,,骑阶金像*4,世界树之种*10,混沌之爪*3,,,骑阶金像*10,混沌之爪*5,龙之逆鳞*4,,,骑之辉石*4,,,,,骑之辉石*10,,,,,骑之魔石*4,,,,,骑之魔石*10,世界树之种*5,,,,骑之秘石*4,世界树之种*10,,,,骑之秘石*10,龙之牙*10,,,,龙之牙*20,凤凰羽毛*4,,,,凤凰羽毛*12,龙之逆鳞*8,,,,传承结晶*1,,,,
31,美狄亚,3,Caster,术阶银棋*4,,,,,术阶银棋*8,龙之牙*12,,,,术阶金像*4,虚影之尘*13,蛮神心脏*2,,,术阶金像*8,蛮神心脏*3,禁断书页*8,,,术之辉石*4,,,,,术之辉石*8,,,,,术之魔石*4,,,,,术之魔石*8,虚影之尘*7,,,,术之秘石*4,虚影之尘*13,,,,术之秘石*8,龙之牙*8,,,,龙之牙*16,鬼魂提灯*4,,,,鬼魂提灯*12,禁断书页*16,,,,传承结晶*1,,,,
32,吉尔·德·雷(Caster),3,Caster,术阶银棋*4,,,,,术阶银棋*8,鬼魂提灯*5,,,,术阶金像*4,人工生命体幼体*7,禁断书页*4,,,术阶金像*8,禁断书页*7,蛮神心脏*4,,,术之辉石*4,,,,,术之辉石*8,,,,,术之魔石*4,,,,,术之魔石*8,人工生命体幼体*4,,,,术之秘石*4,人工生命体幼体*7,,,,术之秘石*8,鬼魂提灯*4,,,,鬼魂提灯*7,虚影之尘*8,,,,虚影之尘*24,蛮神心脏*7,,,,传承结晶*1,,,,
33,汉斯·克里斯蒂安·安徒生,2,Caster,术阶银棋*3,,,,,术阶银棋*6,禁断书页*4,,,,术阶金像*3,人工生命体幼体*5,无间齿轮*3,,,术阶金像*6,无间齿轮*5,陨蹄铁*6,,,术之辉石*3,,,,,术之辉石*6,,,,,术之魔石*3,,,,,术之魔石*6,人工生命体幼体*3,,,,术之秘石*3,人工生命体幼体*5,,,,术之秘石*6,禁断书页*3,,,,禁断书页*5,虚影之尘*6,,,,虚影之尘*18,陨蹄铁*12,,,,传承结晶*1,,,,
34,威廉·莎士比亚,2,Caster,术阶银棋*3,,,,,术阶银棋*6,鬼魂提灯*4,,,,术阶金像*3,禁断书页*5,人工生命体幼体*3,,,术阶金像*6,人工生命体幼体*5,蛇之宝玉*5,,,术之辉石*3,,,,,术之辉石*6,,,,,术之魔石*3,,,,,术之魔石*6,禁断书页*3,,,,术之秘石*3,禁断书页*5,,,,术之秘石*6,鬼魂提灯*3,,,,鬼魂提灯*5,虚影之尘*6,,,,虚影之尘*18,蛇之宝玉*10,,,,传承结晶*1,,,,
35,梅菲斯托费勒斯,3,Caster,术阶银棋*4,,,,,术阶银棋*8,虚影之尘*10,,,,术阶金像*4,人工生命体幼体*7,蛮神心脏*2,,,术阶金像*8,蛮神心脏*3,鬼魂提灯*8,,,术之辉石*4,,,,,术之辉石*8,,,,,术之魔石*4,,,,,术之魔石*8,人工生命体幼体*4,,,,术之秘石*4,人工生命体幼体*7,,,,术之秘石*8,虚影之尘*7,,,,虚影之尘*13,无间齿轮*4,,,,无间齿轮*12,鬼魂提灯*16,,,,传承结晶*1,,,,
36,沃尔夫冈·阿马德乌斯·莫扎特,1,Caster,术阶银棋*2,,,,,术阶银棋*4,凶骨*8,,,,术阶金像*2,无间齿轮*4,禁断书页*2,,,术阶金像*4,禁断书页*4,蛮神心脏*2,,,术之辉石*2,,,,,术之辉石*4,,,,,术之魔石*2,,,,,术之魔石*4,无间齿轮*2,,,,术之秘石*2,无间齿轮*4,,,,术之秘石*4,凶骨*5,,,,凶骨*10,凤凰羽毛*2,,,,凤凰羽毛*5,蛮神心脏*4,,,,传承结晶*1,,,,
37,诸葛孔明(埃尔梅罗Ⅱ世),5,Caster,术阶银棋*5,,,,,术阶银棋*12,虚影之尘*15,,,,术阶金像*5,禁断书页*10,无间齿轮*5,,,术阶金像*12,无间齿轮*10,凤凰羽毛*10,,,术之辉石*5,,,,,术之辉石*12,,,,,术之魔石*5,,,,,术之魔石*12,禁断书页*5,,,,术之秘石*5,禁断书页*10,,,,术之秘石*12,虚影之尘*10,,,,虚影之尘*20,蛮神心脏*3,,,,蛮神心脏*8,凤凰羽毛*20,,,,传承结晶*1,,,,
38,库·丘林(Caster),3,Caster,术阶银棋*4,,,,,术阶银棋*8,世界树之种*6,,,,术阶金像*4,禁断书页*7,混沌之爪*2,,,术阶金像*8,混沌之爪*4,无间齿轮*8,,,术之辉石*4,,,,,术之辉石*8,,,,,术之魔石*4,,,,,术之魔石*8,禁断书页*4,,,,术之秘石*4,禁断书页*7,,,,术之秘石*8,世界树之种*4,,,,世界树之种*8,凤凰羽毛*4,,,,凤凰羽毛*10,无间齿轮*16,,,,传承结晶*1,,,,
39,佐佐木小次郎,1,Assassin,杀阶银棋*2,,,,,杀阶银棋*4,英雄之证*8,,,,杀阶金像*2,虚影之尘*7,无间齿轮*2,,,杀阶金像*4,无间齿轮*4,八连双晶*4,,,杀之辉石*2,,,,,杀之辉石*4,,,,,杀之魔石*2,,,,,杀之魔石*4,虚影之尘*4,,,,杀之秘石*2,虚影之尘*7,,,,杀之秘石*4,英雄之证*5,,,,英雄之证*10,凶骨*6,,,,凶骨*18,八连双晶*8,,,,传承结晶*1,,,,
40,咒腕哈桑,2,Assassin,杀阶银棋*3,,,,,杀阶银棋*6,凶骨*11,,,,杀阶金像*3,无间齿轮*5,虚影之尘*5,,,杀阶金像*6,虚影之尘*10,人工生命体幼体*6,,,杀之辉石*3,,,,,杀之辉石*6,,,,,杀之魔石*3,,,,,杀之魔石*6,无间齿轮*3,,,,杀之秘石*3,无间齿轮*5,,,,杀之秘石*6,凶骨*8,,,,凶骨*15,鬼魂提灯*3,,,,鬼魂提灯*9,人工生命体幼体*12,,,,传承结晶*1,,,,
41,斯忒诺,4,Assassin,杀阶银棋*4,,,,,杀阶银棋*10,蛇之宝玉*5,,,,杀阶金像*4,蛮神心脏*4,虚影之尘*8,,,杀阶金像*10,虚影之尘*16,龙之逆鳞*4,,,杀之辉石*4,,,,,杀之辉石*10,,,,,杀之魔石*4,,,,,杀之魔石*10,蛮神心脏*2,,,,杀之秘石*4,蛮神心脏*4,,,,杀之秘石*10,蛇之宝玉*4,,,,蛇之宝玉*7,混沌之爪*3,,,,混沌之爪*9,龙之逆鳞*8,,,,传承结晶*1,,,,
42,荆轲,3,Assassin,杀阶银棋*4,,,,,杀阶银棋*8,凶骨*15,,,,杀阶金像*4,八连双晶*7,鬼魂提灯*4,,,杀阶金像*8,鬼魂提灯*7,虚影之尘*16,,,杀之辉石*4,,,,,杀之辉石*8,,,,,杀之魔石*4,,,,,杀之魔石*8,八连双晶*4,,,,杀之秘石*4,八连双晶*7,,,,杀之秘石*8,凶骨*10,,,,凶骨*20,凤凰羽毛*4,,,,凤凰羽毛*10,虚影之尘*32,,,,传承结晶*1,,,,
43,夏尔·亨利·桑松,2,Assassin,杀阶银棋*3,,,,,杀阶银棋*6,凶骨*11,,,,杀阶金像*3,虚影之尘*10,蛮神心脏*1,,,杀阶金像*6,蛮神心脏*2,人工生命体幼体*6,,,杀之辉石*3,,,,,杀之辉石*6,,,,,杀之魔石*3,,,,,杀之魔石*6,虚影之尘*5,,,,杀之秘石*3,虚影之尘*10,,,,杀之秘石*6,凶骨*8,,,,凶骨*15,禁断书页*3,,,,禁断书页*9,人工生命体幼体*12,,,,传承结晶*1,,,,
44,剧院魅影,2,Assassin,杀阶银棋*3,,,,,杀阶银棋*6,鬼魂提灯*4,,,,杀阶金像*3,虚影之尘*10,无间齿轮*3,,,杀阶金像*6,无间齿轮*5,凶骨*18,,,杀之辉石*3,,,,,杀之辉石*6,,,,,杀之魔石*3,,,,,杀之魔石*6,虚影之尘*5,,,,杀之秘石*3,虚影之尘*10,,,,杀之秘石*6,鬼魂提灯*3,,,,鬼魂提灯*5,蛮神心脏*2,,,,蛮神心脏*4,凶骨*36,,,,传承结晶*1,,,,
45,玛塔·哈丽,1,Assassin,杀阶银棋*2,,,,,杀阶银棋*4,凤凰羽毛*2,,,,杀阶金像*2,无间齿轮*4,鬼魂提灯*2,,,杀阶金像*4,鬼魂提灯*4,蛇之宝玉*4,,,杀之辉石*2,,,,,杀之辉石*4,,,,,杀之魔石*2,,,,,杀之魔石*4,无间齿轮*2,,,,杀之秘石*2,无间齿轮*4,,,,杀之秘石*4,凤凰羽毛*2,,,,凤凰羽毛*3,人工生命体幼体*2,,,,人工生命体幼体*6,蛇之宝玉*7,,,,传承结晶*1,,,,
46,卡米拉,4,Assassin,杀阶银棋*4,,,,,杀阶银棋*10,蛇之宝玉*5,,,,杀阶金像*4,人工生命体幼体*8,蛮神心脏*2,,,杀阶金像*10,蛮神心脏*4,混沌之爪*6,,,杀之辉石*4,,,,,杀之辉石*10,,,,,杀之魔石*4,,,,,杀之魔石*10,人工生命体幼体*4,,,,杀之秘石*4,人工生命体幼体*8,,,,杀之秘石*10,蛇之宝玉*4,,,,蛇之宝玉*7,凶骨*15,,,,凶骨*45,混沌之爪*12,,,,传承结晶*1,,,,
47,赫拉克勒斯,4,Berserker,狂阶银棋*4,,,,,狂阶银棋*10,八连双晶*6,,,,狂阶金像*4,蛮神心脏*4,混沌之爪*3,,,狂阶金像*10,混沌之爪*5,龙之逆鳞*4,,,狂之辉石*4,,,,,狂之辉石*10,,,,,狂之魔石*4,,,,,狂之魔石*10,蛮神心脏*2,,,,狂之秘石*4,蛮神心脏*4,,,,狂之秘石*10,八连双晶*4,,,,八连双晶*8,英雄之证*15,,,,英雄之证*45,龙之逆鳞*8,,,,传承结晶*1,,,,
48,兰斯洛特,4,Berserker,狂阶银棋*4,,,,,狂阶银棋*10,龙之逆鳞*3,,,,狂阶金像*4,混沌之爪*5,虚影之尘*8,,,狂阶金像*10,虚影之尘*16,龙之牙*24,,,狂之辉石*4,,,,,狂之辉石*10,,,,,狂之魔石*4,,,,,狂之魔石*10,混沌之爪*3,,,,狂之秘石*4,混沌之爪*5,,,,狂之秘石*10,龙之逆鳞*2,,,,龙之逆鳞*4,陨蹄铁*5,,,,陨蹄铁*15,龙之牙*48,,,,传承结晶*1,,,,
49,吕布奉先,3,Berserker,狂阶银棋*4,,,,,狂阶银棋*8,陨蹄铁*5,,,,狂阶金像*4,凶骨*20,混沌之爪*2,,,狂阶金像*8,混沌之爪*4,虚影之尘*16,,,狂之辉石*4,,,,,狂之辉石*8,,,,,狂之魔石*4,,,,,狂之魔石*8,凶骨*10,,,,狂之秘石*4,凶骨*20,,,,狂之秘石*8,陨蹄铁*4,,,,陨蹄铁*7,八连双晶*4,,,,八连双晶*12,虚影之尘*32,,,,传承结晶*1,,,,
50,斯巴达克斯,1,Berserker,狂阶银棋*2,,,,,狂阶银棋*4,八连双晶*3,,,,狂阶金像*2,英雄之证*10,人工生命体幼体*2,,,狂阶金像*4,人工生命体幼体*4,凶骨*12,,,狂之辉石*2,,,,,狂之辉石*4,,,,,狂之魔石*2,,,,,狂之魔石*4,英雄之证*5,,,,狂之秘石*2,英雄之证*10,,,,狂之秘石*4,八连双晶*2,,,,八连双晶*4,世界树之种*3,,,,世界树之种*8,凶骨*24,,,,传承结晶*1,,,,
51,坂田金时,5,Berserker,狂阶银棋*5,,,,,狂阶银棋*12,英雄之证*22,,,,狂阶金像*5,八连双晶*10,世界树之种*6,,,狂阶金像*12,世界树之种*12,蛮神心脏*5,,,狂之辉石*5,,,,,狂之辉石*12,,,,,狂之魔石*5,,,,,狂之魔石*12,八连双晶*5,,,,狂之秘石*5,八连双晶*10,,,,狂之秘石*12,英雄之证*15,,,,英雄之证*29,虚影之尘*12,,,,虚影之尘*36,蛮神心脏*10,,,,传承结晶*1,,,,
52,弗拉德三世,5,Berserker,狂阶银棋*5,,,,,狂阶银棋*12,龙之逆鳞*3,,,,狂阶金像*5,混沌之爪*6,禁断书页*5,,,狂阶金像*12,禁断书页*10,虚影之尘*24,,,狂之辉石*5,,,,,狂之辉石*12,,,,,狂之魔石*5,,,,,狂之魔石*12,混沌之爪*3,,,,狂之秘石*5,混沌之爪*6,,,,狂之秘石*12,龙之逆鳞*2,,,,龙之逆鳞*4,凶骨*18,,,,凶骨*54,虚影之尘*48,,,,传承结晶*1,,,,
53,阿斯忒里俄斯,1,Berserker,狂阶银棋*2,,,,,狂阶银棋*4,八连双晶*3,,,,狂阶金像*2,英雄之证*10,陨蹄铁*2,,,狂阶金像*4,陨蹄铁*4,世界树之种*5,,,狂之辉石*2,,,,,狂之辉石*4,,,,,狂之魔石*2,,,,,狂之魔石*4,英雄之证*5,,,,狂之秘石*2,英雄之证*10,,,,狂之秘石*4,八连双晶*2,,,,八连双晶*4,虚影之尘*4,,,,虚影之尘*12,世界树之种*10,,,,传承结晶*1,,,,
54,卡利古拉,2,Berserker,狂阶银棋*3,,,,,狂阶银棋*6,八连双晶*4,,,,狂阶金像*3,蛇之宝玉*4,鬼魂提灯*3,,,狂阶金像*6,鬼魂提灯*5,禁断书页*6,,,狂之辉石*3,,,,,狂之辉石*6,,,,,狂之魔石*3,,,,,狂之魔石*6,蛇之宝玉*2,,,,狂之秘石*3,蛇之宝玉*4,,,,狂之秘石*6,八连双晶*3,,,,八连双晶*5,陨蹄铁*3,,,,陨蹄铁*9,禁断书页*12,,,,传承结晶*1,,,,
55,大流士三世,3,Berserker,狂阶银棋*4,,,,,狂阶银棋*8,八连双晶*5,,,,狂阶金像*4,凤凰羽毛*6,凶骨*10,,,狂阶金像*8,凶骨*20,陨蹄铁*8,,,狂之辉石*4,,,,,狂之辉石*8,,,,,狂之魔石*4,,,,,狂之魔石*8,凤凰羽毛*3,,,,狂之秘石*4,凤凰羽毛*6,,,,狂之秘石*8,八连双晶*4,,,,八连双晶*7,虚影之尘*8,,,,虚影之尘*24,陨蹄铁*16,,,,传承结晶*1,,,,
56,清姬,3,Berserker,狂阶银棋*4,,,,,狂阶银棋*8,鬼魂提灯*5,,,,狂阶金像*4,凶骨*20,龙之牙*8,,,狂阶金像*8,龙之牙*16,龙之逆鳞*4,,,狂之辉石*4,,,,,狂之辉石*8,,,,,狂之魔石*4,,,,,狂之魔石*8,凶骨*10,,,,狂之秘石*4,凶骨*20,,,,狂之秘石*8,鬼魂提灯*4,,,,鬼魂提灯*7,世界树之种*5,,,,世界树之种*15,龙之逆鳞*7,,,,传承结晶*1,,,,
57,血斧埃里克,2,Berserker,狂阶银棋*3,,,,,狂阶银棋*6,凶骨*11,,,,狂阶金像*3,人工生命体幼体*5,蛇之宝玉*2,,,狂阶金像*6,蛇之宝玉*4,虚影之尘*12,,,狂之辉石*3,,,,,狂之辉石*6,,,,,狂之魔石*3,,,,,狂之魔石*6,人工生命体幼体*3,,,,狂之秘石*3,人工生命体幼体*5,,,,狂之秘石*6,凶骨*8,,,,凶骨*15,混沌之爪*2,,,,混沌之爪*6,虚影之尘*24,,,,传承结晶*1,,,,
58,玉藻猫,4,Berserker,狂阶银棋*4,,,,,狂阶银棋*10,鬼魂提灯*6,,,,狂阶金像*4,人工生命体幼体*8,混沌之爪*3,,,狂阶金像*10,混沌之爪*5,蛮神心脏*4,,,狂之辉石*4,,,,,狂之辉石*10,,,,,狂之魔石*4,,,,,狂之魔石*10,人工生命体幼体*4,,,,狂之秘石*4,人工生命体幼体*8,,,,狂之秘石*10,鬼魂提灯*4,,,,鬼魂提灯*8,八连双晶*5,,,,八连双晶*15,蛮神心脏*8,,,,传承结晶*1,,,,
59,贞德,5,Ruler,剑阶银棋*5,枪阶银棋*5,,,,骑阶银棋*5,术阶银棋*5,杀阶银棋*5,,,剑阶金像*5,枪阶金像*5,弓阶金像*5,,,骑阶金像*5,术阶金像*5,杀阶金像*5,狂阶金像*5,,剑之辉石*5,枪之辉石*5,弓之辉石*5,,,骑之辉石*5,术之辉石*5,杀之辉石*5,狂之辉石*5,,剑之魔石*5,枪之魔石*5,弓之魔石*5,,,骑之魔石*5,术之魔石*5,杀之魔石*5,狂之魔石*5,,剑之秘石*5,枪之秘石*5,弓之秘石*5,,,骑之秘石*5,术之秘石*5,杀之秘石*5,狂之秘石*5,,蛮神心脏*5,,,,,蛮神心脏*15,,,,,传承结晶*1,,,,
60,俄里翁,5,Archer,弓阶银棋*5,,,,,弓阶银棋*12,蛮神心脏*3,,,,弓阶金像*5,蛇之宝玉*8,混沌之爪*3,,,弓阶金像*12,混沌之爪*6,凤凰羽毛*10,,,弓之辉石*5,,,,,弓之辉石*12,,,,,弓之魔石*5,,,,,弓之魔石*12,蛇之宝玉*4,,,,弓之秘石*5,蛇之宝玉*8,,,,弓之秘石*12,蛮神心脏*2,,,,蛮神心脏*4,虚影之尘*12,,,,虚影之尘*36,凤凰羽毛*20,,,,传承结晶*1,,,,
61,伊丽莎白·巴托里(万圣节),4,Caster,闪烁糖果*1,,,,,闪烁糖果*1,,,,,闪烁糖果*1,,,,,闪烁糖果*1,,,,,术之辉石*4,,,,,术之辉石*10,,,,,术之魔石*4,,,,,术之魔石*10,鬼魂提灯*4,,,,术之秘石*4,鬼魂提灯*8,,,,术之秘石*10,凶骨*12,,,,凶骨*24,龙之牙*12,,,,龙之牙*36,龙之逆鳞*8,,,,传承结晶*1,,,,
62,玉藻前,5,Caster,术阶银棋*5,,,,,术阶银棋*12,鬼魂提灯*8,,,,术阶金像*5,凶骨*29,蛮神心脏*2,,,术阶金像*12,蛮神心脏*4,禁断书页*12,,,术之辉石*5,,,,,术之辉石*12,,,,,术之魔石*5,,,,,术之魔石*12,凶骨*15,,,,术之秘石*5,凶骨*29,,,,术之秘石*12,鬼魂提灯*5,,,,鬼魂提灯*10,世界树之种*8,,,,世界树之种*22,禁断书页*24,,,,传承结晶*1,,,,
63,大卫,3,Archer,弓阶银棋*4,,,,,弓阶银棋*8,虚影之尘*10,,,,弓阶金像*4,人工生命体幼体*7,蛮神心脏*2,,,弓阶金像*8,蛮神心脏*3,八连双晶*8,,,弓之辉石*4,,,,,弓之辉石*8,,,,,弓之魔石*4,,,,,弓之魔石*8,人工生命体幼体*4,,,,弓之秘石*4,人工生命体幼体*7,,,,弓之秘石*8,虚影之尘*7,,,,虚影之尘*13,英雄之证*12,,,,英雄之证*36,八连双晶*16,,,,传承结晶*1,,,,
64,赫克托耳,3,Lancer,枪阶银棋*4,,,,,枪阶银棋*8,陨蹄铁*5,,,,枪阶金像*4,英雄之证*20,世界树之种*4,,,枪阶金像*8,世界树之种*8,凤凰羽毛*7,,,枪之辉石*4,,,,,枪之辉石*8,,,,,枪之魔石*4,,,,,枪之魔石*8,英雄之证*10,,,,枪之秘石*4,英雄之证*20,,,,枪之秘石*8,陨蹄铁*4,,,,陨蹄铁*7,八连双晶*4,,,,八连双晶*12,凤凰羽毛*13,,,,传承结晶*1,,,,
65,弗朗西斯·德雷克,5,Rider,骑阶银棋*5,,,,,骑阶银棋*12,凶骨*22,,,,骑阶金像*5,龙之牙*24,龙之逆鳞*2,,,骑阶金像*12,龙之逆鳞*4,蛮神心脏*5,,,骑之辉石*5,,,,,骑之辉石*12,,,,,骑之魔石*5,,,,,骑之魔石*12,龙之牙*12,,,,骑之秘石*5,龙之牙*24,,,,骑之秘石*12,凶骨*15,,,,凶骨*29,鬼魂提灯*6,,,,鬼魂提灯*18,蛮神心脏*10,,,,传承结晶*1,,,,
66,安妮·伯妮＆玛莉·瑞德,4,Rider,骑阶银棋*4,,,,,骑阶银棋*10,人工生命体幼体*6,,,,骑阶金像*4,鬼魂提灯*8,凶骨*12,,,骑阶金像*10,凶骨*24,混沌之爪*6,,,骑之辉石*4,,,,,骑之辉石*10,,,,,骑之魔石*4,,,,,骑之魔石*10,鬼魂提灯*4,,,,骑之秘石*4,鬼魂提灯*8,,,,骑之秘石*10,人工生命体幼体*4,,,,人工生命体幼体*8,虚影之尘*10,,,,虚影之尘*30,混沌之爪*12,,,,传承结晶*1,,,,
67,美狄亚(Lily),4,Caster,术阶银棋*4,,,,,术阶银棋*10,虚影之尘*12,,,,术阶金像*4,鬼魂提灯*8,凤凰羽毛*4,,,术阶金像*10,凤凰羽毛*7,禁断书页*10,,,术之辉石*4,,,,,术之辉石*10,,,,,术之魔石*4,,,,,术之魔石*10,鬼魂提灯*4,,,,术之秘石*4,鬼魂提灯*8,,,,术之秘石*10,虚影之尘*8,,,,虚影之尘*16,蛮神心脏*2,,,,蛮神心脏*6,禁断书页*20,,,,传承结晶*1,,,,
68,冲田总司,5,Saber,剑阶银棋*5,,,,,剑阶银棋*12,虚影之尘*15,,,,剑阶金像*5,龙之牙*24,无间齿轮*5,,,剑阶金像*12,无间齿轮*10,凤凰羽毛*10,,,剑之辉石*5,,,,,剑之辉石*12,,,,,剑之魔石*5,,,,,剑之魔石*12,龙之牙*12,,,,剑之秘石*5,龙之牙*24,,,,剑之秘石*12,虚影之尘*10,,,,虚影之尘*20,混沌之爪*4,,,,混沌之爪*11,凤凰羽毛*20,,,,传承结晶*1,,,,
69,织田信长,4,Archer,黄金骷髅*1,,,,,黄金骷髅*1,,,,,黄金骷髅*1,,,,,黄金骷髅*1,,,,,弓之辉石*4,,,,,弓之辉石*10,,,,,弓之魔石*4,,,,,弓之魔石*10,凶骨*12,,,,弓之秘石*4,凶骨*24,,,,弓之秘石*10,八连双晶*4,,,,八连双晶*8,混沌之爪*3,,,,混沌之爪*9,蛮神心脏*8,,,,传承结晶*1,,,,
70,斯卡哈,5,Lancer,枪阶银棋*5,,,,,枪阶银棋*12,凶骨*22,,,,枪阶金像*5,虚影之尘*20,混沌之爪*3,,,枪阶金像*12,混沌之爪*6,蛮神心脏*5,,,枪之辉石*5,,,,,枪之辉石*12,,,,,枪之魔石*5,,,,,枪之魔石*12,虚影之尘*10,,,,枪之秘石*5,虚影之尘*20,,,,枪之秘石*12,凶骨*15,,,,凶骨*29,凤凰羽毛*5,,,,凤凰羽毛*15,蛮神心脏*10,,,,传承结晶*1,,,,
71,迪尔姆德·奥迪那,3,Lancer,枪阶银棋*4,,,,,枪阶银棋*8,世界树之种*6,,,,枪阶金像*4,凤凰羽毛*6,蛇之宝玉*3,,,枪阶金像*8,蛇之宝玉*6,虚影之尘*16,,,枪之辉石*4,,,,,枪之辉石*8,,,,,枪之魔石*4,,,,,枪之魔石*8,凤凰羽毛*3,,,,枪之秘石*4,凤凰羽毛*6,,,,枪之秘石*8,世界树之种*4,,,,世界树之种*8,英雄之证*12,,,,英雄之证*36,虚影之尘*32,,,,传承结晶*1,,,,
72,弗格斯·马克·罗伊,3,Saber,剑阶银棋*4,,,,,剑阶银棋*8,英雄之证*15,,,,剑阶金像*4,八连双晶*7,蛮神心脏*2,,,剑阶金像*8,蛮神心脏*3,陨蹄铁*8,,,剑之辉石*4,,,,,剑之辉石*8,,,,,剑之魔石*4,,,,,剑之魔石*8,八连双晶*4,,,,剑之秘石*4,八连双晶*7,,,,剑之秘石*8,英雄之证*10,,,,英雄之证*20,世界树之种*5,,,,世界树之种*15,陨蹄铁*16,,,,传承结晶*1,,,,
73,阿尔托莉雅·潘德拉贡(圣诞Alter),4,Rider,炸鸡桶*1,,,,,炸鸡桶*1,,,,,炸鸡桶*1,,,,,炸鸡桶*1,,,,,骑之辉石*4,,,,,骑之辉石*10,,,,,骑之魔石*4,,,,,骑之魔石*10,龙之牙*10,,,,骑之秘石*4,龙之牙*20,,,,骑之秘石*10,陨蹄铁*4,,,,陨蹄铁*8,龙之逆鳞*2,,,,龙之逆鳞*6,蛮神心脏*8,,,,传承结晶*1,,,,
74,童谣,4,Caster,术阶银棋*4,,,,,术阶银棋*10,世界树之种*8,,,,术阶金像*4,鬼魂提灯*8,禁断书页*4,,,术阶金像*10,禁断书页*8,凤凰羽毛*8,,,术之辉石*4,,,,,术之辉石*10,,,,,术之魔石*4,,,,,术之魔石*10,鬼魂提灯*4,,,,术之秘石*4,鬼魂提灯*8,,,,术之秘石*10,世界树之种*5,,,,世界树之种*10,人工生命体幼体*5,,,,人工生命体幼体*15,凤凰羽毛*16,,,,传承结晶*1,,,,
75,开膛手杰克,5,Assassin,杀阶银棋*5,,,,,杀阶银棋*12,凶骨*22,,,,杀阶金像*5,虚影之尘*20,无间齿轮*5,,,杀阶金像*12,无间齿轮*10,混沌之爪*8,,,杀之辉石*5,,,,,杀之辉石*12,,,,,杀之魔石*5,,,,,杀之魔石*12,虚影之尘*10,,,,杀之秘石*5,虚影之尘*20,,,,杀之秘石*12,凶骨*15,,,,凶骨*29,蛮神心脏*3,,,,蛮神心脏*8,混沌之爪*15,,,,传承结晶*1,,,,
76,莫德雷德,5,Saber,剑阶银棋*5,,,,,剑阶银棋*12,龙之牙*18,,,,剑阶金像*5,八连双晶*10,蛮神心脏*2,,,剑阶金像*12,蛮神心脏*4,龙之逆鳞*5,,,剑之辉石*5,,,,,剑之辉石*12,,,,,剑之魔石*5,,,,,剑之魔石*12,八连双晶*5,,,,剑之秘石*5,八连双晶*10,,,,剑之秘石*12,龙之牙*12,,,,龙之牙*24,混沌之爪*4,,,,混沌之爪*11,龙之逆鳞*10,,,,传承结晶*1,,,,
77,尼古拉·特斯拉,5,Archer,弓阶银棋*5,,,,,弓阶银棋*12,虚影之尘*15,,,,弓阶金像*5,禁断书页*10,无间齿轮*5,,,弓阶金像*12,无间齿轮*10,鬼魂提灯*12,,,弓之辉石*5,,,,,弓之辉石*12,,,,,弓之魔石*5,,,,,弓之魔石*12,禁断书页*5,,,,弓之秘石*5,禁断书页*10,,,,弓之秘石*12,虚影之尘*10,,,,虚影之尘*20,凤凰羽毛*5,,,,凤凰羽毛*15,鬼魂提灯*24,,,,传承结晶*1,,,,
78,阿尔托莉雅·潘德拉贡(Alter)(Lancer),4,Lancer,枪阶银棋*4,,,,,枪阶银棋*10,陨蹄铁*6,,,,枪阶金像*4,凤凰羽毛*7,龙之逆鳞*2,,,枪阶金像*10,龙之逆鳞*4,蛮神心脏*4,,,枪之辉石*4,,,,,枪之辉石*10,,,,,枪之魔石*4,,,,,枪之魔石*10,凤凰羽毛*4,,,,枪之秘石*4,凤凰羽毛*7,,,,枪之秘石*10,陨蹄铁*4,,,,陨蹄铁*8,龙之牙*12,,,,龙之牙*36,蛮神心脏*8,,,,传承结晶*1,,,,
79,冯·霍恩海姆·帕拉塞尔苏斯,3,Caster,术阶银棋*4,,,,,术阶银棋*8,禁断书页*5,,,,术阶金像*4,无间齿轮*7,人工生命体幼体*4,,,术阶金像*8,人工生命体幼体*7,凶骨*24,,,术之辉石*4,,,,,术之辉石*8,,,,,术之魔石*4,,,,,术之魔石*8,无间齿轮*4,,,,术之秘石*4,无间齿轮*7,,,,术之秘石*8,禁断书页*4,,,,禁断书页*7,虚影之尘*8,,,,虚影之尘*24,凶骨*48,,,,传承结晶*1,,,,
80,查尔斯·巴贝奇,3,Caster,术阶银棋*4,,,,,术阶银棋*8,无间齿轮*5,,,,术阶金像*4,八连双晶*7,禁断书页*4,,,术阶金像*8,禁断书页*7,虚影之尘*16,,,术之辉石*4,,,,,术之辉石*8,,,,,术之魔石*4,,,,,术之魔石*8,八连双晶*4,,,,术之秘石*4,八连双晶*7,,,,术之秘石*8,无间齿轮*4,,,,无间齿轮*7,鬼魂提灯*4,,,,鬼魂提灯*12,虚影之尘*32,,,,传承结晶*1,,,,
81,亨利·杰基尔＆海德,3,Assassin,杀阶银棋*4,,,,,杀阶银棋*8,凶骨*15,,,,杀阶金像*4,虚影之尘*13,八连双晶*4,,,杀阶金像*8,八连双晶*7,人工生命体幼体*8,,,杀之辉石*4,,,,,杀之辉石*8,,,,,杀之魔石*4,,,,,杀之魔石*8,虚影之尘*7,,,,杀之秘石*4,虚影之尘*13,,,,杀之秘石*8,凶骨*10,,,,凶骨*20,蛮神心脏*2,,,,蛮神心脏*5,人工生命体幼体*16,,,,传承结晶*1,,,,
82,弗兰肯斯坦,4,Berserker,狂阶银棋*4,,,,,狂阶银棋*10,人工生命体幼体*6,,,,狂阶金像*4,凶骨*24,鬼魂提灯*4,,,狂阶金像*10,鬼魂提灯*8,无间齿轮*10,,,狂之辉石*4,,,,,狂之辉石*10,,,,,狂之魔石*4,,,,,狂之魔石*10,凶骨*12,,,,狂之秘石*4,凶骨*24,,,,狂之秘石*10,人工生命体幼体*4,,,,人工生命体幼体*8,八连双晶*5,,,,八连双晶*15,无间齿轮*20,,,,传承结晶*1,,,,
83,所罗门,5,Grand Caster,,,,,,,,,,,,,,,,,,,,,,,,,,,,,,,,,,,,,,,,,,,,,,,,,,,,,,,,,,,,,,,,,
84,阿周那,5,Archer,弓阶银棋*5,,,,,弓阶银棋*12,英雄之证*22,,,,弓阶金像*5,凤凰羽毛*8,蛇之宝玉*4,,,弓阶金像*12,蛇之宝玉*8,蛮神心脏*5,,,弓之辉石*5,,,,,弓之辉石*12,,,,,弓之魔石*5,,,,,弓之魔石*12,凤凰羽毛*4,,,,弓之秘石*5,凤凰羽毛*8,,,,弓之秘石*12,英雄之证*15,,,,英雄之证*29,世界树之种*8,,,,世界树之种*22,蛮神心脏*10,,,,传承结晶*1,,,,
85,迦尔纳,5,Lancer,枪阶银棋*5,,,,,枪阶银棋*12,八连双晶*8,,,,枪阶金像*5,无间齿轮*10,凤凰羽毛*4,,,枪阶金像*12,凤凰羽毛*8,蛮神心脏*5,,,枪之辉石*5,,,,,枪之辉石*12,,,,,枪之魔石*5,,,,,枪之魔石*12,无间齿轮*5,,,,枪之秘石*5,无间齿轮*10,,,,枪之秘石*12,八连双晶*5,,,,八连双晶*10,英雄之证*18,,,,英雄之证*54,蛮神心脏*10,,,,传承结晶*1,,,,
86,谜之女主角X,5,Assassin,杀阶银棋*5,,,,,杀阶银棋*12,龙之牙*18,,,,杀阶金像*5,凤凰羽毛*8,龙之逆鳞*2,,,杀阶金像*12,龙之逆鳞*4,英雄之证*36,,,杀之辉石*5,,,,,杀之辉石*12,,,,,杀之魔石*5,,,,,杀之魔石*12,凤凰羽毛*4,,,,杀之秘石*5,凤凰羽毛*8,,,,杀之秘石*12,龙之牙*12,,,,龙之牙*24,虚影之尘*12,,,,虚影之尘*36,八连双晶*24,,,,传承结晶*1,,,,
87,芬恩·麦克库尔,4,Lancer,枪阶银棋*4,,,,,枪阶银棋*10,凤凰羽毛*5,,,,枪阶金像*4,凶骨*24,混沌之爪*3,,,枪阶金像*10,混沌之爪*5,虚影之尘*20,,,枪之辉石*4,,,,,枪之辉石*10,,,,,枪之魔石*4,,,,,枪之魔石*10,凶骨*12,,,,枪之秘石*4,凶骨*24,,,,枪之秘石*10,凤凰羽毛*4,,,,凤凰羽毛*7,八连双晶*5,,,,八连双晶*15,蛇之宝玉*16,,,,传承结晶*1,,,,
88,布伦希尔德,5,Lancer,枪阶银棋*5,,,,,枪阶银棋*12,蛮神心脏*3,,,,枪阶金像*5,世界树之种*12,英雄之证*15,,,枪阶金像*12,英雄之证*29,鬼魂提灯*12,,,枪之辉石*5,,,,,枪之辉石*12,,,,,枪之魔石*5,,,,,枪之魔石*12,世界树之种*6,,,,枪之秘石*5,世界树之种*12,,,,枪之秘石*12,蛮神心脏*2,,,,蛮神心脏*4,凤凰羽毛*5,,,,凤凰羽毛*15,混沌之爪*15,,,,传承结晶*1,,,,
89,贝奥武夫,4,Berserker,狂阶银棋*4,,,,,狂阶银棋*10,英雄之证*18,,,,狂阶金像*4,八连双晶*8,龙之逆鳞*2,,,狂阶金像*10,龙之逆鳞*4,凶骨*30,,,狂之辉石*4,,,,,狂之辉石*10,,,,,狂之魔石*4,,,,,狂之魔石*10,八连双晶*4,,,,狂之秘石*4,八连双晶*8,,,,狂之秘石*10,英雄之证*12,,,,英雄之证*24,世界树之种*6,,,,世界树之种*18,龙之牙*48,,,,传承结晶*1,,,,
90,尼禄·克劳狄乌斯(新娘),5,Saber,剑阶银棋*5,,,,,剑阶银棋*12,八连双晶*8,,,,剑阶金像*5,鬼魂提灯*10,凤凰羽毛*4,,,剑阶金像*12,凤凰羽毛*8,世界树之种*15,,,剑之辉石*5,,,,,剑之辉石*12,,,,,剑之魔石*5,,,,,剑之魔石*12,鬼魂提灯*5,,,,剑之秘石*5,鬼魂提灯*10,,,,剑之秘石*12,八连双晶*5,,,,八连双晶*10,蛇之宝玉*5,,,,蛇之宝玉*15,无间齿轮*24,,,,传承结晶*1,,,,
91,两仪式,5,Saber,剑阶银棋*5,,,,,剑阶银棋*12,虚影之尘*15,,,,剑阶金像*5,凤凰羽毛*8,混沌之爪*3,,,剑阶金像*12,混沌之爪*6,蛮神心脏*5,,,剑之辉石*5,,,,,剑之辉石*12,,,,,剑之魔石*5,,,,,剑之魔石*12,凤凰羽毛*4,,,,剑之秘石*5,凤凰羽毛*8,,,,剑之秘石*12,虚影之尘*10,,,,虚影之尘*20,八连双晶*6,,,,八连双晶*18,鬼魂提灯*24,,,,传承结晶*1,,,,
92,两仪式(Assassin),4,Assassin,锋利匕首*1,,,,,锋利匕首*1,,,,,锋利匕首*1,,,,,锋利匕首*1,,,,,杀之辉石*4,,,,,杀之辉石*10,,,,,杀之魔石*4,,,,,杀之魔石*10,凶骨*12,,,,杀之秘石*4,凶骨*24,,,,杀之秘石*10,混沌之爪*3,,,,混沌之爪*5,无间齿轮*5,,,,无间齿轮*15,人工生命体幼体*20,,,,传承结晶*1,,,,
93,天草四郎,5,Ruler,骑阶银棋*5,术阶银棋*5,,,,剑阶银棋*5,弓阶银棋*5,骑阶银棋*5,,,骑阶金像*5,术阶金像*5,杀阶金像*5,,,剑阶金像*5,弓阶金像*5,枪阶金像*5,狂阶金像*5,,骑之辉石*5,术之辉石*5,杀之辉石*5,,,剑之辉石*5,枪之辉石*5,弓之辉石*5,狂之辉石*5,,骑之魔石*5,术之魔石*5,杀之魔石*5,,,剑之魔石*5,枪之魔石*5,弓之魔石*5,狂之魔石*5,,骑之秘石*5,术之秘石*5,杀之秘石*5,,,剑之秘石*5,枪之秘石*5,弓之秘石*5,狂之秘石*5,,蛮神心脏*5,,,,,蛮神心脏*15,,,,,传承结晶*1,,,,
94,阿斯托尔福,4,Rider,骑阶银棋*4,,,,,骑阶银棋*10,陨蹄铁*6,,,,骑阶金像*4,八连双晶*8,凤凰羽毛*4,,,骑阶金像*10,凤凰羽毛*7,混沌之爪*6,,,骑之辉石*4,,,,,骑之辉石*10,,,,,骑之魔石*4,,,,,骑之魔石*10,八连双晶*4,,,,骑之秘石*4,八连双晶*8,,,,骑之秘石*10,陨蹄铁*4,,,,陨蹄铁*8,禁断书页*5,,,,禁断书页*15,世界树之种*24,,,,传承结晶*1,,,,
95,幼吉尔,3,Archer,弓阶银棋*4,,,,,弓阶银棋*8,世界树之种*6,,,,弓阶金像*4,蛇之宝玉*6,龙之逆鳞*2,,,弓阶金像*8,龙之逆鳞*3,英雄之证*24,,,弓之辉石*4,,,,,弓之辉石*8,,,,,弓之魔石*4,,,,,弓之魔石*8,蛇之宝玉*3,,,,弓之秘石*4,蛇之宝玉*6,,,,弓之秘石*8,世界树之种*4,,,,世界树之种*8,虚影之尘*8,,,,虚影之尘*24,凤凰羽毛*13,,,,传承结晶*1,,,,
96,岩窟王,5,Avenger,凶骨*10,八连双晶*10,,,,蛇之宝玉*10,禁断书页*10,,,,虚影之尘*10,无间齿轮*10,,,,凤凰羽毛*10,蛮神心脏*10,,,,英雄之证*10,,,,,世界树之种*10,,,,,龙之牙*12,,,,,鬼魂提灯*12,,,,,陨蹄铁*12,,,,,人工生命体幼体*15,,,,,混沌之爪*15,,,,,龙之逆鳞*15,,,,,传承结晶*1,,,,
97,南丁格尔,5,Berserker,狂阶银棋*5,,,,,狂阶银棋*12,凤凰羽毛*6,,,,狂阶金像*5,世界树之种*12,混沌之爪*3,,,狂阶金像*12,混沌之爪*6,人工生命体幼体*12,,,狂之辉石*5,,,,,狂之辉石*12,,,,,狂之魔石*5,,,,,狂之魔石*12,世界树之种*6,,,,狂之秘石*5,世界树之种*12,,,,狂之秘石*12,凤凰羽毛*4,,,,凤凰羽毛*8,血之泪石*4,,,,血之泪石*11,鬼魂提灯*24,,,,传承结晶*1,,,,
98,库·丘林(Alter),5,Berserker,狂阶银棋*5,,,,,狂阶银棋*12,凶骨*22,,,,狂阶金像*5,混沌之爪*6,蛮神心脏*2,,,狂阶金像*12,蛮神心脏*4,血之泪石*8,,,狂之辉石*5,,,,,狂之辉石*12,,,,,狂之魔石*5,,,,,狂之魔石*12,混沌之爪*3,,,,狂之秘石*5,混沌之爪*6,,,,狂之秘石*12,凶骨*15,,,,凶骨*29,蛇之宝玉*5,,,,蛇之宝玉*15,虚影之尘*48,,,,传承结晶*1,,,,
99,女王梅芙,5,Rider,骑阶银棋*5,,,,,骑阶银棋*12,蛇之宝玉*6,,,,骑阶金像*5,凤凰羽毛*8,陨蹄铁*5,,,骑阶金像*12,陨蹄铁*10,战马的幼角*8,,,骑之辉石*5,,,,,骑之辉石*12,,,,,骑之魔石*5,,,,,骑之魔石*12,凤凰羽毛*4,,,,骑之秘石*5,凤凰羽毛*8,,,,骑之秘石*12,蛇之宝玉*4,,,,蛇之宝玉*8,鬼魂提灯*6,,,,鬼魂提灯*18,蛮神心脏*10,,,,传承结晶*1,,,,
100,海伦娜·布拉瓦茨基,4,Caster,术阶银棋*4,,,,,术阶银棋*10,虚影之尘*12,,,,术阶金像*4,鬼魂提灯*8,人工生命体幼体*4,,,术阶金像*10,人工生命体幼体*8,禁断书页*10,,,术之辉石*4,,,,,术之辉石*10,,,,,术之魔石*4,,,,,术之魔石*10,鬼魂提灯*4,,,,术之秘石*4,鬼魂提灯*8,,,,术之秘石*10,虚影之尘*8,,,,虚影之尘*16,黑兽脂*3,,,,黑兽脂*9,凤凰羽毛*16,,,,传承结晶*1,,,,
101,罗摩,4,Saber,剑阶银棋*4,,,,,剑阶银棋*10,世界树之种*8,,,,剑阶金像*4,蛮神心脏*4,八连双晶*4,,,剑阶金像*10,八连双晶*8,精灵根*4,,,剑之辉石*4,,,,,剑之辉石*10,,,,,剑之魔石*4,,,,,剑之魔石*10,蛮神心脏*2,,,,剑之秘石*4,蛮神心脏*4,,,,剑之秘石*10,世界树之种*5,,,,世界树之种*10,混沌之爪*3,,,,混沌之爪*9,凶骨*60,,,,传承结晶*1,,,,
102,李书文,4,Lancer,枪阶银棋*4,,,,,枪阶银棋*10,龙之牙*15,,,,枪阶金像*4,八连双晶*8,混沌之爪*3,,,枪阶金像*10,混沌之爪*5,龙之逆鳞*4,,,枪之辉石*4,,,,,枪之辉石*10,,,,,枪之魔石*4,,,,,枪之魔石*10,八连双晶*4,,,,枪之秘石*4,八连双晶*8,,,,枪之秘石*10,龙之牙*10,,,,龙之牙*20,虚影之尘*10,,,,虚影之尘*30,战马的幼角*12,,,,传承结晶*1,,,,
103,托马斯·爱迪生,4,Caster,术阶银棋*4,,,,,术阶银棋*10,禁断书页*6,,,,术阶金像*4,英雄之证*24,无间齿轮*4,,,术阶金像*10,无间齿轮*8,黑兽脂*6,,,术之辉石*4,,,,,术之辉石*10,,,,,术之魔石*4,,,,,术之魔石*10,英雄之证*12,,,,术之秘石*4,英雄之证*24,,,,术之秘石*10,禁断书页*4,,,,禁断书页*8,蛮神心脏*2,,,,蛮神心脏*6,混沌之爪*12,,,,传承结晶*1,,,,
104,杰罗尼莫,3,Caster,术阶银棋*4,,,,,术阶银棋*8,英雄之证*15,,,,术阶金像*4,世界树之种*8,鬼魂提灯*4,,,术阶金像*8,鬼魂提灯*7,八连双晶*8,,,术之辉石*4,,,,,术之辉石*8,,,,,术之魔石*4,,,,,术之魔石*8,世界树之种*4,,,,术之秘石*4,世界树之种*8,,,,术之秘石*8,英雄之证*10,,,,英雄之证*20,凶骨*12,,,,凶骨*36,精灵根*7,,,,传承结晶*1,,,,
105,比利小子,3,Archer,弓阶银棋*4,,,,,弓阶银棋*8,陨蹄铁*5,,,,弓阶金像*4,凶骨*20,凤凰羽毛*3,,,弓阶金像*8,凤凰羽毛*6,混沌之爪*5,,,弓之辉石*4,,,,,弓之辉石*8,,,,,弓之魔石*4,,,,,弓之魔石*8,凶骨*10,,,,弓之秘石*4,凶骨*20,,,,弓之秘石*8,陨蹄铁*4,,,,陨蹄铁*7,虚影之尘*8,,,,虚影之尘*24,血之泪石*10,,,,传承结晶*1,,,,
106,贞德(Alter),5,Avenger,英雄之证*10,虚影之尘*10,,,,八连双晶*10,无间齿轮*10,,,,凤凰羽毛*10,混沌之爪*10,,,,血之泪石*10,蛮神心脏*10,,,,龙之牙*10,,,,,凶骨*10,,,,,世界树之种*12,,,,,禁断书页*12,,,,,蛇之宝玉*12,,,,,鬼魂提灯*15,,,,,战马的幼角*15,,,,,蛮神心脏*15,,,,,传承结晶*1,,,,
107,安哥拉曼纽,0,Avenger,英雄之证*10,凶骨*10,,,,虚影之尘*10,黑兽脂*10,,,,无间齿轮*10,血之泪石*10,,,,精灵根*10,龙之逆鳞*10,,,,英雄之证*10,,,,,虚影之尘*10,,,,,凶骨*12,,,,,人工生命体幼体*12,,,,,鬼魂提灯*12,,,,,无间齿轮*15,,,,,血之泪石*15,,,,,精灵根*15,,,,,传承结晶*1,,,,
108,伊斯坎达尔,5,Rider,骑阶银棋*5,,,,,骑阶银棋*12,陨蹄铁*8,,,,骑阶金像*5,英雄之证*29,八连双晶*5,,,骑阶金像*12,八连双晶*10,战马的幼角*8,,,骑之辉石*5,,,,,骑之辉石*12,,,,,骑之魔石*5,,,,,骑之魔石*12,英雄之证*15,,,,骑之秘石*5,英雄之证*29,,,,骑之秘石*12,陨蹄铁*5,,,,陨蹄铁*10,世界树之种*8,,,,世界树之种*22,凤凰羽毛*20,,,,传承结晶*1,,,,
109,卫宫(Assassin),4,Assassin,杀阶银棋*4,,,,,杀阶银棋*10,英雄之证*18,,,,杀阶金像*4,凶骨*24,虚影之尘*8,,,杀阶金像*10,虚影之尘*16,血之泪石*6,,,杀之辉石*4,,,,,杀之辉石*10,,,,,杀之魔石*4,,,,,杀之魔石*10,凶骨*12,,,,杀之秘石*4,凶骨*24,,,,杀之秘石*10,英雄之证*12,,,,英雄之证*24,人工生命体幼体*5,,,,人工生命体幼体*15,蛮神心脏*8,,,,传承结晶*1,,,,
110,百貌哈桑,3,Assassin,杀阶银棋*4,,,,,杀阶银棋*8,虚影之尘*10,,,,杀阶金像*4,八连双晶*7,蛇之宝玉*3,,,杀阶金像*8,蛇之宝玉*6,黑兽脂*5,,,杀之辉石*4,,,,,杀之辉石*8,,,,,杀之魔石*4,,,,,杀之魔石*8,八连双晶*4,,,,杀之秘石*4,八连双晶*7,,,,杀之秘石*8,虚影之尘*7,,,,虚影之尘*13,凶骨*12,,,,凶骨*36,混沌之爪*10,,,,传承结晶*1,,,,
111,爱丽丝菲尔(天之衣),4,Caster,水晶球*1,,,,,水晶球*1,,,,,水晶球*1,,,,,水晶球*1,,,,,术之辉石*4,,,,,术之辉石*10,,,,,术之魔石*4,,,,,术之魔石*10,世界树之种*5,,,,术之秘石*4,世界树之种*10,,,,术之秘石*10,人工生命体幼体*4,,,,人工生命体幼体*8,凤凰羽毛*4,,,,凤凰羽毛*12,精灵根*8,,,,传承结晶*1,,,,
112,酒吞童子,5,Assassin,杀阶银棋*5,,,,,杀阶银棋*12,凶骨*22,,,,杀阶金像*5,蛇之宝玉*8,鬼魂提灯*5,,,杀阶金像*12,鬼魂提灯*10,蛮神心脏*5,,,杀之辉石*5,,,,,杀之辉石*12,,,,,杀之魔石*5,,,,,杀之魔石*12,蛇之宝玉*4,,,,杀之秘石*5,蛇之宝玉*8,,,,杀之秘石*12,凶骨*15,,,,凶骨*29,混沌之爪*4,,,,混沌之爪*11,精灵根*10,,,,传承结晶*1,,,,
113,玄奘三藏,5,Caster,术阶银棋*5,,,,,术阶银棋*12,世界树之种*9,,,,术阶金像*5,八连双晶*10,凤凰羽毛*4,,,术阶金像*12,凤凰羽毛*8,精灵根*5,,,术之辉石*5,,,,,术之辉石*12,,,,,术之魔石*5,,,,,术之魔石*12,八连双晶*5,,,,术之秘石*5,八连双晶*10,,,,术之秘石*12,世界树之种*6,,,,世界树之种*12,陨蹄铁*6,,,,陨蹄铁*18,禁断书页*24,,,,传承结晶*1,,,,
114,源赖光,5,Berserker,狂阶银棋*5,,,,,狂阶银棋*12,混沌之爪*5,,,,狂阶金像*5,凶骨*29,血之泪石*3,,,狂阶金像*12,血之泪石*6,龙之逆鳞*5,,,狂之辉石*5,,,,,狂之辉石*12,,,,,狂之魔石*5,,,,,狂之魔石*12,凶骨*15,,,,狂之秘石*5,凶骨*29,,,,狂之秘石*12,混沌之爪*3,,,,混沌之爪*6,八连双晶*6,,,,八连双晶*18,精灵根*10,,,,传承结晶*1,,,,
115,坂田金时(Rider),4,Rider,黄金熊印打火机*1,,,,,黄金熊印打火机*1,,,,,黄金熊印打火机*1,,,,,黄金熊印打火机*1,,,,,骑之辉石*4,,,,,骑之辉石*10,,,,,骑之魔石*4,,,,,骑之魔石*10,八连双晶*4,,,,骑之秘石*4,八连双晶*8,,,,骑之秘石*10,世界树之种*5,,,,世界树之种*10,陨蹄铁*5,,,,陨蹄铁*15,战马的幼角*12,,,,传承结晶*1,,,,
116,茨木童子,4,Berserker,狂阶银棋*4,,,,,狂阶银棋*10,八连双晶*6,,,,狂阶金像*4,混沌之爪*5,凤凰羽毛*4,,,狂阶金像*10,凤凰羽毛*7,蛮神心脏*4,,,狂之辉石*4,,,,,狂之辉石*10,,,,,狂之魔石*4,,,,,狂之魔石*10,混沌之爪*3,,,,狂之秘石*4,混沌之爪*5,,,,狂之秘石*10,八连双晶*4,,,,八连双晶*8,虚影之尘*10,,,,虚影之尘*30,血之泪石*12,,,,传承结晶*1,,,,
117,风魔小太郎,3,Assassin,杀阶银棋*4,,,,,杀阶银棋*8,凶骨*15,,,,杀阶金像*4,虚影之尘*13,八连双晶*4,,,杀阶金像*8,八连双晶*7,黑兽脂*5,,,杀之辉石*4,,,,,杀之辉石*8,,,,,杀之魔石*4,,,,,杀之魔石*8,虚影之尘*7,,,,杀之秘石*4,虚影之尘*13,,,,杀之秘石*8,凶骨*10,,,,凶骨*20,世界树之种*5,,,,世界树之种*15,混沌之爪*10,,,,传承结晶*1,,,,
118,奥斯曼狄斯,5,Rider,骑阶银棋*5,,,,,骑阶银棋*12,愚者之锁*22,,,,骑阶金像*5,蛇之宝玉*8,蛮神心脏*2,,,骑阶金像*12,蛮神心脏*4,智慧之圣甲虫像*5,,,骑之辉石*5,,,,,骑之辉石*12,,,,,骑之魔石*5,,,,,骑之魔石*12,蛇之宝玉*4,,,,骑之秘石*5,蛇之宝玉*8,,,,骑之秘石*12,愚者之锁*15,,,,愚者之锁*29,禁断书页*6,,,,禁断书页*18,封魔之灯*15,,,,传承结晶*1,,,,
119,阿尔托莉雅·潘德拉贡(Lancer),5,Lancer,枪阶银棋*5,,,,,枪阶银棋*12,龙之牙*18,,,,枪阶金像*5,大骑士勋章*20,战马的幼角*3,,,枪阶金像*12,战马的幼角*6,龙之逆鳞*5,,,枪之辉石*5,,,,,枪之辉石*12,,,,,枪之魔石*5,,,,,枪之魔石*12,大骑士勋章*10,,,,枪之秘石*5,大骑士勋章*20,,,,枪之秘石*12,龙之牙*12,,,,龙之牙*24,陨蹄铁*6,,,,陨蹄铁*18,蛮神心脏*10,,,,传承结晶*1,,,,
120,尼托克丽丝,4,Caster,术阶银棋*4,,,,,术阶银棋*10,禁断书页*6,,,,术阶金像*4,愚者之锁*24,智慧之圣甲虫像*2,,,术阶金像*10,智慧之圣甲虫像*4,封魔之灯*6,,,术之辉石*4,,,,,术之辉石*10,,,,,术之魔石*4,,,,,术之魔石*10,愚者之锁*12,,,,术之秘石*4,愚者之锁*24,,,,术之秘石*10,禁断书页*4,,,,禁断书页*8,蛮神心脏*2,,,,蛮神心脏*6,凶骨*60,,,,传承结晶*1,,,,
121,兰斯洛特(Saber),4,Saber,剑阶银棋*4,,,,,剑阶银棋*10,无间齿轮*6,,,,剑阶金像*4,大骑士勋章*16,龙之牙*10,,,剑阶金像*10,龙之牙*20,龙之逆鳞*4,,,剑之辉石*4,,,,,剑之辉石*10,,,,,剑之魔石*4,,,,,剑之魔石*10,大骑士勋章*8,,,,剑之秘石*4,大骑士勋章*16,,,,剑之秘石*10,无间齿轮*4,,,,无间齿轮*8,虚影之尘*10,,,,虚影之尘*30,血之泪石*12,,,,传承结晶*1,,,,
122,崔斯坦,4,Archer,弓阶银棋*4,,,,,弓阶银棋*10,大骑士勋章*12,,,,弓阶金像*4,凤凰羽毛*7,禁断书页*4,,,弓阶金像*10,禁断书页*8,血之泪石*6,,,弓之辉石*4,,,,,弓之辉石*10,,,,,弓之魔石*4,,,,,弓之魔石*10,凤凰羽毛*4,,,,弓之秘石*4,凤凰羽毛*7,,,,弓之秘石*10,大骑士勋章*8,,,,大骑士勋章*16,鬼魂提灯*5,,,,鬼魂提灯*15,愚者之锁*60,,,,传承结晶*1,,,,
123,高文,4,Saber,剑阶银棋*4,,,,,剑阶银棋*10,八连双晶*6,,,,剑阶金像*4,龙之逆鳞*4,大骑士勋章*8,,,剑阶金像*10,大骑士勋章*16,英雄之证*30,,,剑之辉石*4,,,,,剑之辉石*10,,,,,剑之魔石*4,,,,,剑之魔石*10,龙之逆鳞*2,,,,剑之秘石*4,龙之逆鳞*4,,,,剑之秘石*10,八连双晶*4,,,,八连双晶*8,龙之牙*12,,,,龙之牙*36,精灵根*8,,,,传承结晶*1,,,,
124,静谧哈桑,3,Assassin,杀阶银棋*4,,,,,杀阶银棋*8,凶骨*15,,,,杀阶金像*4,愚者之锁*20,血之泪石*2,,,杀阶金像*8,血之泪石*4,黑兽脂*5,,,杀之辉石*4,,,,,杀之辉石*8,,,,,杀之魔石*4,,,,,杀之魔石*8,愚者之锁*10,,,,杀之秘石*4,愚者之锁*20,,,,杀之秘石*8,凶骨*10,,,,凶骨*20,虚影之尘*8,,,,虚影之尘*24,封魔之灯*10,,,,传承结晶*1,,,,
125,俵藤太,3,Archer,弓阶银棋*4,,,,,弓阶银棋*8,世界树之种*6,,,,弓阶金像*4,英雄之证*20,凤凰羽毛*3,,,弓阶金像*8,凤凰羽毛*6,精灵根*4,,,弓之辉石*4,,,,,弓之辉石*8,,,,,弓之魔石*4,,,,,弓之魔石*8,英雄之证*10,,,,弓之秘石*4,英雄之证*20,,,,弓之秘石*8,世界树之种*4,,,,世界树之种*8,八连双晶*4,,,,八连双晶*12,智慧之圣甲虫像*7,,,,传承结晶*1,,,,
126,贝德维尔,3,Saber,剑阶银棋*4,,,,,剑阶银棋*8,英雄之证*15,,,,剑阶金像*4,虚影之尘*13,无间齿轮*4,,,剑阶金像*8,无间齿轮*7,大骑士勋章*16,,,剑之辉石*4,,,,,剑之辉石*8,,,,,剑之魔石*4,,,,,剑之魔石*8,虚影之尘*7,,,,剑之秘石*4,虚影之尘*13,,,,剑之秘石*8,英雄之证*10,,,,英雄之证*20,愚者之锁*12,,,,愚者之锁*36,血之泪石*10,,,,传承结晶*1,,,,
127,莱昂纳多·达·芬奇,5,Caster,术阶银棋*5,,,,,术阶银棋*12,无间齿轮*8,,,,术阶金像*5,凤凰羽毛*8,精灵根*2,,,术阶金像*12,精灵根*4,智慧之圣甲虫像*5,,,术之辉石*5,,,,,术之辉石*12,,,,,术之魔石*5,,,,,术之魔石*12,凤凰羽毛*4,,,,术之秘石*5,凤凰羽毛*8,,,,术之秘石*12,无间齿轮*5,,,,无间齿轮*10,禁断书页*6,,,,禁断书页*18,黑兽脂*15,,,,传承结晶*1,,,,
128,玉藻前(Lancer),5,Lancer,枪阶银棋*5,,,,,枪阶银棋*12,凤凰羽毛*6,,,,枪阶金像*5,世界树之种*12,战马的幼角*3,,,枪阶金像*12,战马的幼角*6,追忆的贝壳*12,,,枪之辉石*5,,,,,枪之辉石*12,,,,,枪之魔石*5,,,,,枪之魔石*12,世界树之种*6,,,,枪之秘石*5,世界树之种*12,,,,枪之秘石*12,凤凰羽毛*4,,,,凤凰羽毛*8,混沌之爪*4,,,,混沌之爪*11,蛮神心脏*10,,,,传承结晶*1,,,,
129,阿尔托莉雅·潘德拉贡(Archer),5,Archer,弓阶银棋*5,,,,,弓阶银棋*12,追忆的贝壳*8,,,,弓阶金像*5,龙之牙*24,大骑士勋章*10,,,弓阶金像*12,大骑士勋章*20,龙之逆鳞*5,,,弓之辉石*5,,,,,弓之辉石*12,,,,,弓之魔石*5,,,,,弓之魔石*12,龙之牙*12,,,,弓之秘石*5,龙之牙*24,,,,弓之秘石*12,追忆的贝壳*5,,,,追忆的贝壳*10,战马的幼角*4,,,,战马的幼角*11,精灵根*10,,,,传承结晶*1,,,,
130,玛丽·安托瓦内特(Caster),4,Caster,术阶银棋*4,,,,,术阶银棋*10,世界树之种*8,,,,术阶金像*4,追忆的贝壳*8,凤凰羽毛*4,,,术阶金像*10,凤凰羽毛*7,智慧之圣甲虫像*4,,,术之辉石*4,,,,,术之辉石*10,,,,,术之魔石*4,,,,,术之魔石*10,追忆的贝壳*4,,,,术之秘石*4,追忆的贝壳*8,,,,术之秘石*10,世界树之种*5,,,,世界树之种*10,蛇之宝玉*4,,,,蛇之宝玉*12,无间齿轮*20,,,,传承结晶*1,,,,
131,安妮·伯妮＆玛莉·瑞德(Archer),4,Archer,弓阶银棋*4,,,,,弓阶银棋*10,蛇之宝玉*5,,,,弓阶金像*4,八连双晶*8,追忆的贝壳*4,,,弓阶金像*10,追忆的贝壳*8,混沌之爪*6,,,弓之辉石*4,,,,,弓之辉石*10,,,,,弓之魔石*4,,,,,弓之魔石*10,八连双晶*4,,,,弓之秘石*4,八连双晶*8,,,,弓之秘石*10,蛇之宝玉*4,,,,蛇之宝玉*7,愚者之锁*15,,,,愚者之锁*45,黑兽脂*12,,,,传承结晶*1,,,,
132,莫德雷德(Rider),4,Rider,骑阶银棋*4,,,,,骑阶银棋*10,追忆的贝壳*6,,,,骑阶金像*4,大骑士勋章*16,龙之牙*10,,,骑阶金像*10,龙之牙*20,龙之逆鳞*4,,,骑之辉石*4,,,,,骑之辉石*10,,,,,骑之魔石*4,,,,,骑之魔石*10,大骑士勋章*8,,,,骑之秘石*4,大骑士勋章*16,,,,骑之秘石*10,追忆的贝壳*4,,,,追忆的贝壳*8,人工生命体幼体*5,,,,人工生命体幼体*15,血之泪石*12,,,,传承结晶*1,,,,
133,斯卡哈(Assassin),4,Assassin,铃鸣之枝*1,,,,,铃鸣之枝*1,,,,,铃鸣之枝*1,,,,,铃鸣之枝*1,,,,,杀之辉石*4,,,,,杀之辉石*10,,,,,杀之魔石*4,,,,,杀之魔石*10,世界树之种*5,,,,杀之秘石*4,世界树之种*10,,,,杀之秘石*10,追忆的贝壳*4,,,,追忆的贝壳*8,精灵根*2,,,,精灵根*6,智慧之圣甲虫像*8,,,,传承结晶*1,,,,
134,清姬(Lancer),4,Lancer,枪阶银棋*4,,,,,枪阶银棋*10,八连双晶*6,,,,枪阶金像*4,追忆的贝壳*8,黑兽脂*3,,,枪阶金像*10,黑兽脂*5,封魔之灯*6,,,枪之辉石*4,,,,,枪之辉石*10,,,,,枪之魔石*4,,,,,枪之魔石*10,追忆的贝壳*4,,,,枪之秘石*4,追忆的贝壳*8,,,,枪之秘石*10,八连双晶*4,,,,八连双晶*8,龙之牙*12,,,,龙之牙*36,龙之逆鳞*8,,,,传承结晶*1,,,,
135,玛尔达(Ruler),4,Ruler,剑阶银棋*4,骑阶银棋*4,,,,弓阶银棋*4,枪阶银棋*4,术阶银棋*4,,,剑阶金像*4,骑阶金像*4,狂阶金像*4,,,弓阶金像*4,枪阶金像*4,术阶金像*4,杀阶金像*4,,剑之辉石*4,骑之辉石*4,狂之辉石*4,,,弓之辉石*4,枪之辉石*4,术之辉石*4,杀之辉石*4,,剑之魔石*4,骑之魔石*4,狂之魔石*4,,,弓之魔石*4,枪之魔石*4,术之魔石*4,杀之魔石*4,,剑之秘石*4,骑之秘石*4,狂之秘石*4,,,弓之秘石*4,枪之秘石*4,术之秘石*4,杀之秘石*4,,血之泪石*6,,,,,龙之逆鳞*12,,,,,传承结晶*1,,,,
136,伊莉雅丝菲尔·冯·爱因兹贝伦,5,Caster,术阶银棋*5,,,,,术阶银棋*12,世界树之种*9,,,,术阶金像*5,禁断书页*10,凤凰羽毛*4,,,术阶金像*12,凤凰羽毛*8,智慧之圣甲虫像*5,,,术之辉石*5,,,,,术之辉石*12,,,,,术之魔石*5,,,,,术之魔石*12,禁断书页*5,,,,术之秘石*5,禁断书页*10,,,,术之秘石*12,世界树之种*6,,,,世界树之种*12,人工生命体幼体*6,,,,人工生命体幼体*18,精灵根*10,,,,传承结晶*1,,,,
137,克洛伊·冯·爱因兹贝伦,4,Archer,心形手链*1,,,,,心形手链*1,,,,,心形手链*1,,,,,心形手链*1,,,,,弓之辉石*4,,,,,弓之辉石*10,,,,,弓之魔石*4,,,,,弓之魔石*10,无间齿轮*4,,,,弓之秘石*4,无间齿轮*8,,,,弓之秘石*10,人工生命体幼体*4,,,,人工生命体幼体*8,血之泪石*3,,,,血之泪石*9,蛮神心脏*8,,,,传承结晶*1,,,,
138,伊丽莎白·巴托里(勇者),4,Saber,龙之宝玉*1,,,,,龙之宝玉*1,,,,,龙之宝玉*1,,,,,龙之宝玉*1,,,,,剑之辉石*4,,,,,剑之辉石*10,,,,,剑之魔石*4,,,,,剑之魔石*10,英雄之证*12,,,,剑之秘石*4,英雄之证*24,,,,剑之秘石*10,龙之牙*10,,,,龙之牙*20,大骑士勋章*10,,,,大骑士勋章*30,龙之逆鳞*8,,,,传承结晶*1,,,,
139,克娄巴特拉,5,Assassin,杀阶银棋*5,,,,,杀阶银棋*12,凤凰羽毛*6,,,,杀阶金像*5,封魔之灯*6,血之泪石*3,,,杀阶金像*12,血之泪石*6,蛇之宝玉*10,,,杀之辉石*5,,,,,杀之辉石*12,,,,,杀之魔石*5,,,,,杀之魔石*12,封魔之灯*3,,,,杀之秘石*5,封魔之灯*6,,,,杀之秘石*12,凤凰羽毛*4,,,,凤凰羽毛*8,追忆的贝壳*6,,,,追忆的贝壳*18,智慧之圣甲虫像*10,,,,传承结晶*1,,,,
140,弗拉德三世(EXTRA),4,Lancer,枪阶银棋*4,,,,,枪阶银棋*10,英雄之证*18,,,,枪阶金像*4,愚者之锁*24,黑兽脂*3,,,枪阶金像*10,黑兽脂*5,龙之逆鳞*4,,,枪之辉石*4,,,,,枪之辉石*10,,,,,枪之魔石*4,,,,,枪之魔石*10,愚者之锁*12,,,,枪之秘石*4,愚者之锁*24,,,,枪之秘石*10,英雄之证*12,,,,英雄之证*24,八连双晶*5,,,,八连双晶*15,蛮神心脏*8,,,,传承结晶*1,,,,
141,贞德·Alter·Santa·Lily,4,Lancer,吉尔·德·雷玩偶*1,,,,,吉尔·德·雷玩偶*1,,,,,吉尔·德·雷玩偶*1,,,,,吉尔·德·雷玩偶*1,,,,,枪之辉石*4,,,,,枪之辉石*10,,,,,枪之魔石*4,,,,,枪之魔石*10,追忆的贝壳*4,,,,枪之秘石*4,追忆的贝壳*8,,,,枪之秘石*10,世界树之种*5,,,,世界树之种*10,战马的幼角*3,,,,战马的幼角*9,精灵根*8,,,,传承结晶*1,,,,
142,伊什塔尔,5,Archer,弓阶银棋*5,,,,,弓阶银棋*12,八连双晶*8,,,,弓阶金像*5,凤凰羽毛*8,智慧之圣甲虫像*2,,,弓阶金像*12,智慧之圣甲虫像*4,血之泪石*8,,,弓之辉石*5,,,,,弓之辉石*12,,,,,弓之魔石*5,,,,,弓之魔石*12,凤凰羽毛*4,,,,弓之秘石*5,凤凰羽毛*8,,,,弓之秘石*12,八连双晶*5,,,,八连双晶*10,蛇之宝玉*5,,,,蛇之宝玉*15,封魔之灯*15,,,,传承结晶*1,,,,
143,恩奇都,5,Lancer,枪阶银棋*5,,,,,枪阶银棋*12,愚者之锁*22,,,,枪阶金像*5,八连双晶*10,精灵根*2,,,枪阶金像*12,精灵根*4,蛮神心脏*5,,,枪之辉石*5,,,,,枪之辉石*12,,,,,枪之魔石*5,,,,,枪之魔石*12,八连双晶*5,,,,枪之秘石*5,八连双晶*10,,,,枪之秘石*12,愚者之锁*15,,,,愚者之锁*29,人工生命体幼体*6,,,,人工生命体幼体*18,起源的胎毛*15,,,,传承结晶*1,,,,
144,魁札尔·科亚特尔,5,Rider,骑阶银棋*5,,,,,骑阶银棋*12,龙之牙*18,,,,骑阶金像*5,蛇之宝玉*8,龙之逆鳞*2,,,骑阶金像*12,龙之逆鳞*4,凤凰羽毛*10,,,骑之辉石*5,,,,,骑之辉石*12,,,,,骑之魔石*5,,,,,骑之魔石*12,蛇之宝玉*4,,,,骑之秘石*5,蛇之宝玉*8,,,,骑之秘石*12,龙之牙*12,,,,龙之牙*24,愚者之锁*18,,,,愚者之锁*54,咒兽胆石*10,,,,传承结晶*1,,,,
145,吉尔伽美什(Caster),4,Caster,术阶银棋*4,,,,,术阶银棋*10,英雄之证*18,,,,术阶金像*4,禁断书页*8,起源的胎毛*3,,,术阶金像*10,起源的胎毛*5,智慧之圣甲虫像*4,,,术之辉石*4,,,,,术之辉石*10,,,,,术之魔石*4,,,,,术之魔石*10,禁断书页*4,,,,术之秘石*4,禁断书页*8,,,,术之秘石*10,英雄之证*12,,,,英雄之证*24,鬼魂提灯*5,,,,鬼魂提灯*15,万死的毒针*48,,,,传承结晶*1,,,,
146,美杜莎(Lancer),4,Lancer,枪阶银棋*4,,,,,枪阶银棋*10,追忆的贝壳*6,,,,枪阶金像*4,世界树之种*10,凤凰羽毛*4,,,枪阶金像*10,凤凰羽毛*7,万死的毒针*24,,,枪之辉石*4,,,,,枪之辉石*10,,,,,枪之魔石*4,,,,,枪之魔石*10,世界树之种*5,,,,枪之秘石*4,世界树之种*10,,,,枪之秘石*10,追忆的贝壳*4,,,,追忆的贝壳*8,起源的胎毛*3,,,,起源的胎毛*9,蛇之宝玉*16,,,,传承结晶*1,,,,
147,戈耳工,4,Avenger,蛇之宝玉*8,凶骨*8,,,,万死的毒针*8,愚者之锁*8,,,,起源的胎毛*8,虚影之尘*8,,,,咒兽胆石*8,混沌之爪*8,,,,凶骨*8,,,,,愚者之锁*8,,,,,蛇之宝玉*10,,,,,万死的毒针*10,,,,,血之泪石*10,,,,,起源的胎毛*12,,,,,蛮神心脏*12,,,,,咒兽胆石*12,,,,,传承结晶*1,,,,
148,豹人,3,Lancer,枪阶银棋*4,,,,,枪阶银棋*8,世界树之种*6,,,,枪阶金像*4,混沌之爪*4,黑兽脂*2,,,枪阶金像*8,黑兽脂*4,起源的胎毛*5,,,枪之辉石*4,,,,,枪之辉石*8,,,,,枪之魔石*4,,,,,枪之魔石*8,混沌之爪*2,,,,枪之秘石*4,混沌之爪*4,,,,枪之秘石*8,世界树之种*4,,,,世界树之种*8,咒兽胆石*2,,,,咒兽胆石*5,战马的幼角*10,,,,传承结晶*1,,,,
149,提亚马特,5,Beast II,,,,,,,,,,,,,,,,,,,,,,,,,,,,,,,,,,,,,,,,,,,,,,,,,,,,,,,,,,,,,,,,,
150,梅林,5,Caster,术阶银棋*5,,,,,术阶银棋*12,无间齿轮*8,,,,术阶金像*5,禁断书页*10,智慧之圣甲虫像*2,,,术阶金像*12,智慧之圣甲虫像*4,龙之逆鳞*5,,,术之辉石*5,,,,,术之辉石*12,,,,,术之魔石*5,,,,,术之魔石*12,禁断书页*5,,,,术之秘石*5,禁断书页*10,,,,术之秘石*12,无间齿轮*5,,,,无间齿轮*10,精灵根*3,,,,精灵根*8,蛮神心脏*10,,,,传承结晶*1,,,,
151,盖提亚,5,Beast I,,,,,,,,,,,,,,,,,,,,,,,,,,,,,,,,,,,,,,,,,,,,,,,,,,,,,,,,,,,,,,,,,
152,所罗门(Caster),5,Caster,,,,,,,,,,,,,,,,,,,,,,,,,,,,,,,,,,,,,,,,,,,,,,,,,,,,,,,,,,,,,,,,,
153,宫本武藏,5,Saber,剑阶银棋*5,,,,,剑阶银棋*12,英雄之证*22,,,,剑阶金像*5,八连双晶*10,无间齿轮*5,,,剑阶金像*12,无间齿轮*10,蛮神心脏*5,,,剑之辉石*5,,,,,剑之辉石*12,,,,,剑之魔石*5,,,,,剑之魔石*12,八连双晶*5,,,,剑之秘石*5,八连双晶*10,,,,剑之秘石*12,英雄之证*15,,,,英雄之证*29,虚影之尘*12,,,,虚影之尘*36,起源的胎毛*15,,,,传承结晶*1,,,,
154,“山中老人”,5,Assassin,杀阶银棋*5,,,,,杀阶银棋*12,凶骨*22,,,,杀阶金像*5,愚者之锁*29,咒兽胆石*2,,,杀阶金像*12,咒兽胆石*4,虚影之尘*24,,,杀之辉石*5,,,,,杀之辉石*12,,,,,杀之魔石*5,,,,,杀之魔石*12,愚者之锁*15,,,,杀之秘石*5,愚者之锁*29,,,,杀之秘石*12,凶骨*15,,,,凶骨*29,万死的毒针*15,,,,万死的毒针*44,鬼魂提灯*24,,,,传承结晶*1,,,,
155,谜之女主角X(Alter),5,Berserker,狂阶银棋*5,,,,,狂阶银棋*12,龙之牙*18,,,,狂阶金像*5,大骑士勋章*20,起源的胎毛*3,,,狂阶金像*12,起源的胎毛*6,龙之逆鳞*5,,,狂之辉石*5,,,,,狂之辉石*12,,,,,狂之魔石*5,,,,,狂之魔石*12,大骑士勋章*10,,,,狂之秘石*5,大骑士勋章*20,,,,狂之秘石*12,龙之牙*12,,,,龙之牙*24,黑兽脂*4,,,,黑兽脂*11,咒兽胆石*10,,,,传承结晶*1,,,,
156,新宿的Archer|詹姆斯·莫里亚蒂,5,Archer,弓阶银棋*5,,,,,弓阶银棋*12,禁断书页*8,,,,弓阶金像*5,万死的毒针*24,混沌之爪*3,,,弓阶金像*12,混沌之爪*6,智慧之圣甲虫像*5,,,弓之辉石*5,,,,,弓之辉石*12,,,,,弓之魔石*5,,,,,弓之魔石*12,万死的毒针*12,,,,弓之秘石*5,万死的毒针*24,,,,弓之秘石*12,禁断书页*5,,,,禁断书页*10,虚影之尘*12,,,,虚影之尘*36,魔术髓液*72,,,,传承结晶*1,,,,
157,卫宫(Alter),4,Archer,弓阶银棋*4,,,,,弓阶银棋*10,愚者之锁*18,,,,弓阶金像*4,无间齿轮*8,黑兽脂*3,,,弓阶金像*10,黑兽脂*5,魔术髓液*30,,,弓之辉石*4,,,,,弓之辉石*10,,,,,弓之魔石*4,,,,,弓之魔石*10,无间齿轮*4,,,,弓之秘石*4,无间齿轮*8,,,,弓之秘石*10,愚者之锁*12,,,,愚者之锁*24,咒兽胆石*2,,,,咒兽胆石*6,追忆的贝壳*20,,,,传承结晶*1,,,,
158,新宿的Avenger|黑森·罗伯,4,Avenger,凶骨*8,鬼魂提灯*8,,,,黑兽脂*8,虚影之尘*8,,,,血之泪石*8,魔术髓液*8,,,,咒兽胆石*8,起源的胎毛*8,,,,凶骨*8,,,,,虚影之尘*8,,,,,鬼魂提灯*10,,,,,追忆的贝壳*10,,,,,混沌之爪*10,,,,,黑兽脂*12,,,,,血之泪石*12,,,,,咒兽胆石*12,,,,,传承结晶*1,,,,
159,新宿的Assassin|燕青,4,Assassin,杀阶银棋*4,,,,,杀阶银棋*10,虚影之尘*12,,,,杀阶金像*4,鬼魂提灯*8,八连双晶*4,,,杀阶金像*10,八连双晶*8,凤凰羽毛*8,,,杀之辉石*4,,,,,杀之辉石*10,,,,,杀之魔石*4,,,,,杀之魔石*10,鬼魂提灯*4,,,,杀之秘石*4,鬼魂提灯*8,,,,杀之秘石*10,虚影之尘*8,,,,虚影之尘*16,魔术髓液*15,,,,魔术髓液*45,人工生命体幼体*20,,,,传承结晶*1,,,,
160,亚瑟·潘德拉贡(Prototype),5,Saber,剑阶银棋*5,,,,,剑阶银棋*12,大骑士勋章*15,,,,剑阶金像*5,英雄之证*29,龙之牙*12,,,剑阶金像*12,龙之牙*24,龙之逆鳞*5,,,剑之辉石*5,,,,,剑之辉石*12,,,,,剑之魔石*5,,,,,剑之魔石*12,英雄之证*15,,,,剑之秘石*5,英雄之证*29,,,,剑之秘石*12,大骑士勋章*10,,,,大骑士勋章*20,起源的胎毛*4,,,,起源的胎毛*11,精灵根*10,,,,传承结晶*1,,,,
161,土方岁三,5,Berserker,狂阶银棋*5,,,,,狂阶银棋*12,英雄之证*22,,,,狂阶金像*5,愚者之锁*29,血之泪石*3,,,狂阶金像*12,血之泪石*6,咒兽胆石*5,,,狂之辉石*5,,,,,狂之辉石*12,,,,,狂之魔石*5,,,,,狂之魔石*12,愚者之锁*15,,,,狂之秘石*5,愚者之锁*29,,,,狂之秘石*12,英雄之证*15,,,,英雄之证*29,魔术髓液*18,,,,魔术髓液*54,无间齿轮*24,,,,传承结晶*1,,,,
162,茶茶,4,Berserker,兰奢待*1,,,,,兰奢待*1,,,,,兰奢待*1,,,,,兰奢待*1,,,,,狂之辉石*4,,,,,狂之辉石*10,,,,,狂之魔石*4,,,,,狂之魔石*10,八连双晶*4,,,,狂之秘石*4,八连双晶*8,,,,狂之秘石*10,凤凰羽毛*4,,,,凤凰羽毛*7,封魔之灯*3,,,,封魔之灯*9,智慧之圣甲虫像*8,,,,传承结晶*1,,,,
163,Meltryllis,5,Alterego,枪阶银棋*5,杀阶银棋*5,,,,枪阶银棋*12,杀阶银棋*12,,,,枪阶金像*5,杀阶金像*5,,,,枪阶金像*12,杀阶金像*12,,,,枪之辉石*5,杀之辉石*5,,,,枪之辉石*12,杀之辉石*12,,,,枪之魔石*5,杀之魔石*5,,,,枪之魔石*12,杀之魔石*12,,,,枪之秘石*5,杀之秘石*5,,,,枪之秘石*12,杀之秘石*12,,,,战马的幼角*5,起源的胎毛*5,,,,龙之逆鳞*9,智慧之圣甲虫像*9,,,,传承结晶*1,,,,
164,Passionlip,4,Alterego,弓阶银棋*4,狂阶银棋*4,,,,弓阶银棋*10,狂阶银棋*10,,,,弓阶金像*4,狂阶金像*4,,,,弓阶金像*10,狂阶金像*10,,,,弓之辉石*4,狂之辉石*4,,,,弓之辉石*10,狂之辉石*10,,,,弓之魔石*4,狂之魔石*4,,,,弓之魔石*10,狂之魔石*10,,,,弓之秘石*4,狂之秘石*4,,,,弓之秘石*10,狂之秘石*10,,,,血之泪石*4,混沌之爪*4,,,,精灵根*7,咒兽胆石*7,,,,传承结晶*1,,,,
165,铃鹿御前,4,Saber,剑阶银棋*4,,,,,剑阶银棋*10,凶骨*18,,,,剑阶金像*4,世界树之种*10,凤凰羽毛*4,,,剑阶金像*10,凤凰羽毛*7,智慧之圣甲虫像*4,,,剑之辉石*4,,,,,剑之辉石*10,,,,,剑之魔石*4,,,,,剑之魔石*10,世界树之种*5,,,,剑之秘石*4,世界树之种*10,,,,剑之秘石*10,凶骨*12,,,,凶骨*24,追忆的贝壳*5,,,,追忆的贝壳*15,精灵根*8,,,,传承结晶*1,,,,
166,BB,4,MoonCancer,回忆的缎带*1,,,,,回忆的缎带*1,,,,,回忆的缎带*1,,,,,回忆的缎带*1,,,,,骑之辉石*4,术之辉石*4,,,,骑之辉石*10,术之辉石*10,,,,骑之魔石*4,术之魔石*4,,,,骑之魔石*10,术之魔石*10,,,,骑之秘石*4,术之秘石*4,,,,骑之秘石*10,术之秘石*10,,,,起源的胎毛*4,封魔之灯*4,,,,精灵根*7,智慧之圣甲虫像*7,,,,传承结晶*1,,,,
167,杀生院祈荒,5,Alterego,剑阶银棋*5,术阶银棋*5,,,,剑阶银棋*12,术阶银棋*12,,,,剑阶金像*5,术阶金像*5,,,,剑阶金像*12,术阶金像*12,,,,剑之辉石*5,术之辉石*5,,,,剑之辉石*12,术之辉石*12,,,,剑之魔石*5,术之魔石*5,,,,剑之魔石*12,术之魔石*12,,,,剑之秘石*5,术之秘石*5,,,,剑之秘石*12,术之秘石*12,,,,黑兽脂*5,封魔之灯*5,,,,咒兽胆石*9,蛮神心脏*9,,,,传承结晶*1,,,,
168,BeastⅢ/R,5,BeastⅢ/R,,,,,,,,,,,,,,,,,,,,,,,,,,,,,,,,,,,,,,,,,,,,,,,,,,,,,,,,,,,,,,,,,
169,不夜城的Caster|山鲁佐德,5,Caster,术阶银棋*5,,,,,术阶银棋*12,凤凰羽毛*6,,,,术阶金像*5,蛇之宝玉*8,封魔之灯*3,,,术阶金像*12,封魔之灯*6,奇奇神酒*5,,,术之辉石*5,,,,,术之辉石*12,,,,,术之魔石*5,,,,,术之魔石*12,蛇之宝玉*4,,,,术之秘石*5,蛇之宝玉*8,,,,术之秘石*12,凤凰羽毛*4,,,,凤凰羽毛*8,追忆的贝壳*6,,,,追忆的贝壳*18,智慧之圣甲虫像*10,,,,传承结晶*1,,,,
170,不夜城的Assassin|武则天,4,Assassin,杀阶银棋*4,,,,,杀阶银棋*10,万死的毒针*15,,,,杀阶金像*4,愚者之锁*24,黑兽脂*3,,,杀阶金像*10,黑兽脂*5,咒兽胆石*4,,,杀之辉石*4,,,,,杀之辉石*10,,,,,杀之魔石*4,,,,,杀之魔石*10,愚者之锁*12,,,,杀之秘石*4,愚者之锁*24,,,,杀之秘石*10,万死的毒针*10,,,,万死的毒针*20,奇奇神酒*2,,,,奇奇神酒*6,魔术髓液*60,,,,传承结晶*1,,,,
171,黄金国的Berserker|彭忒西勒亚,4,Berserker,狂阶银棋*4,,,,,狂阶银棋*10,八连双晶*6,,,,狂阶金像*4,陨蹄铁*8,血之泪石*3,,,狂阶金像*10,血之泪石*5,精灵根*4,,,狂之辉石*4,,,,,狂之辉石*10,,,,,狂之魔石*4,,,,,狂之魔石*10,陨蹄铁*4,,,,狂之秘石*4,陨蹄铁*8,,,,狂之秘石*10,八连双晶*4,,,,八连双晶*8,咒兽胆石*2,,,,咒兽胆石*6,奇奇神酒*8,,,,传承结晶*1,,,,
172,反抗军的Rider|克里斯托弗·哥伦布,3,Rider,骑阶银棋*4,,,,,骑阶银棋*8,愚者之锁*15,,,,骑阶金像*4,奇奇神酒*3,万死的毒针*8,,,骑阶金像*8,万死的毒针*16,鬼魂提灯*8,,,骑之辉石*4,,,,,骑之辉石*8,,,,,骑之魔石*4,,,,,骑之魔石*8,奇奇神酒*2,,,,骑之秘石*4,奇奇神酒*3,,,,骑之秘石*8,愚者之锁*10,,,,愚者之锁*20,魔术髓液*12,,,,魔术髓液*36,咒兽胆石*7,,,,传承结晶*1,,,,
173,夏洛克·福尔摩斯,5,Ruler,弓阶银棋*5,术阶银棋*5,,,,剑阶银棋*5,枪阶银棋*5,骑阶银棋*5,,,弓阶金像*5,术阶金像*5,杀阶金像*5,,,剑阶金像*5,枪阶金像*5,骑阶金像*5,狂阶金像*5,,弓之辉石*5,术之辉石*5,杀之辉石*5,,,剑之辉石*5,枪之辉石*5,骑之辉石*5,狂之辉石*5,,弓之魔石*5,术之魔石*5,杀之魔石*5,,,剑之魔石*5,枪之魔石*5,骑之魔石*5,狂之魔石*5,,弓之秘石*5,术之秘石*5,杀之秘石*5,,,剑之秘石*5,枪之秘石*5,骑之秘石*5,狂之秘石*5,,禁断书页*12,,,,,智慧之圣甲虫像*15,,,,,传承结晶*1,,,,
174,保罗·班扬,1,Berserker,狂阶银棋*2,,,,,狂阶银棋*4,世界树之种*3,,,,狂阶金像*2,八连双晶*4,精灵根*1,,,狂阶金像*4,精灵根*2,虚影之尘*8,,,狂之辉石*2,,,,,狂之辉石*4,,,,,狂之魔石*2,,,,,狂之魔石*4,八连双晶*2,,,,狂之秘石*2,八连双晶*4,,,,狂之秘石*4,世界树之种*2,,,,世界树之种*4,愚者之锁*6,,,,愚者之锁*18,人工生命体幼体*8,,,,传承结晶*1,,,,
175,尼禄·克劳狄乌斯(Caster),5,Caster,术阶银棋*5,,,,,术阶银棋*12,禁断书页*8,,,,术阶金像*5,凤凰羽毛*8,智慧之圣甲虫像*2,,,术阶金像*12,智慧之圣甲虫像*4,奇奇神酒*5,,,术之辉石*5,,,,,术之辉石*12,,,,,术之魔石*5,,,,,术之魔石*12,凤凰羽毛*4,,,,术之秘石*5,凤凰羽毛*8,,,,术之秘石*12,禁断书页*5,,,,禁断书页*10,追忆的贝壳*6,,,,追忆的贝壳*18,起源的胎毛*15,,,,传承结晶*1,,,,
176,弗兰肯斯坦(Saber),4,Saber,剑阶银棋*4,,,,,剑阶银棋*10,追忆的贝壳*6,,,,剑阶金像*4,黑兽脂*5,八连双晶*4,,,剑阶金像*10,八连双晶*8,无间齿轮*10,,,剑之辉石*4,,,,,剑之辉石*10,,,,,剑之魔石*4,,,,,剑之魔石*10,黑兽脂*3,,,,剑之秘石*4,黑兽脂*5,,,,剑之秘石*10,追忆的贝壳*4,,,,追忆的贝壳*8,人工生命体幼体*5,,,,人工生命体幼体*15,魔术髓液*60,,,,传承结晶*1,,,,
177,尼托克丽丝(Assassin),4,Assassin,杀阶银棋*4,,,,,杀阶银棋*10,鬼魂提灯*6,,,,杀阶金像*4,追忆的贝壳*8,凤凰羽毛*4,,,杀阶金像*10,凤凰羽毛*7,智慧之圣甲虫像*4,,,杀之辉石*4,,,,,杀之辉石*10,,,,,杀之魔石*4,,,,,杀之魔石*10,追忆的贝壳*4,,,,杀之秘石*4,追忆的贝壳*8,,,,杀之秘石*10,鬼魂提灯*4,,,,鬼魂提灯*8,精灵根*2,,,,精灵根*6,封魔之灯*12,,,,传承结晶*1,,,,
178,织田信长(Berserker),4,Berserker,狂阶银棋*4,,,,,狂阶银棋*10,魔术髓液*18,,,,狂阶金像*4,奇奇神酒*4,万死的毒针*10,,,狂阶金像*10,万死的毒针*20,混沌之爪*6,,,狂之辉石*4,,,,,狂之辉石*10,,,,,狂之魔石*4,,,,,狂之魔石*10,奇奇神酒*2,,,,狂之秘石*4,奇奇神酒*4,,,,狂之秘石*10,魔术髓液*12,,,,魔术髓液*24,追忆的贝壳*5,,,,追忆的贝壳*15,咒兽胆石*8,,,,传承结晶*1,,,,
179,阿尔托莉雅·潘德拉贡(Alter)(Rider),5,Rider,骑阶银棋*5,,,,,骑阶银棋*12,大骑士勋章*15,,,,骑阶金像*5,龙之逆鳞*4,追忆的贝壳*5,,,骑阶金像*12,追忆的贝壳*10,咒兽胆石*5,,,骑之辉石*5,,,,,骑之辉石*12,,,,,骑之魔石*5,,,,,骑之魔石*12,龙之逆鳞*2,,,,骑之秘石*5,龙之逆鳞*4,,,,骑之秘石*12,大骑士勋章*10,,,,大骑士勋章*20,龙之牙*15,,,,龙之牙*44,陨蹄铁*24,,,,传承结晶*1,,,,
180,海伦娜·布拉瓦茨基(Archer),4,Archer,弓阶银棋*4,,,,,弓阶银棋*10,蛇之宝玉*5,,,,弓阶金像*4,封魔之灯*5,黑兽脂*3,,,弓阶金像*10,黑兽脂*5,追忆的贝壳*10,,,弓之辉石*4,,,,,弓之辉石*10,,,,,弓之魔石*4,,,,,弓之魔石*10,封魔之灯*3,,,,弓之秘石*4,封魔之灯*5,,,,弓之秘石*10,蛇之宝玉*4,,,,蛇之宝玉*7,虚影之尘*10,,,,虚影之尘*30,血之泪石*12,,,,传承结晶*1,,,,
181,源赖光(Lancer),4,Lancer,枪阶银棋*4,,,,,枪阶银棋*10,追忆的贝壳*6,,,,枪阶金像*4,英雄之证*24,无间齿轮*4,,,枪阶金像*10,无间齿轮*8,蛮神心脏*4,,,枪之辉石*4,,,,,枪之辉石*10,,,,,枪之魔石*4,,,,,枪之魔石*10,英雄之证*12,,,,枪之秘石*4,英雄之证*24,,,,枪之秘石*10,追忆的贝壳*4,,,,追忆的贝壳*8,奇奇神酒*2,,,,奇奇神酒*6,战马的幼角*12,,,,传承结晶*1,,,,
182,伊什塔尔(Rider),4,Rider,黄金芦苇*1,,,,,黄金芦苇*1,,,,,黄金芦苇*1,,,,,黄金芦苇*1,,,,,骑之辉石*4,,,,,骑之辉石*10,,,,,骑之魔石*4,,,,,骑之魔石*10,追忆的贝壳*4,,,,骑之秘石*4,追忆的贝壳*8,,,,骑之秘石*10,起源的胎毛*3,,,,起源的胎毛*5,智慧之圣甲虫像*2,,,,智慧之圣甲虫像*6,奇奇神酒*8,,,,传承结晶*1,,,,
183,帕尔瓦蒂,4,Lancer,枪阶银棋*4,,,,,枪阶银棋*10,蛇之宝玉*5,,,,枪阶金像*4,战马的幼角*5,封魔之灯*3,,,枪阶金像*10,封魔之灯*5,奇奇神酒*4,,,枪之辉石*4,,,,,枪之辉石*10,,,,,枪之魔石*4,,,,,枪之魔石*10,战马的幼角*3,,,,枪之秘石*4,战马的幼角*5,,,,枪之秘石*10,蛇之宝玉*4,,,,蛇之宝玉*7,智慧之圣甲虫像*2,,,,智慧之圣甲虫像*6,蛮神心脏*8,,,,传承结晶*1,,,,
184,Archer Inferno|巴御前,4,Archer,弓阶银棋*4,,,,,弓阶银棋*10,陨蹄铁*6,,,,弓阶金像*4,凤凰羽毛*7,枯淡勾玉*4,,,弓阶金像*10,枯淡勾玉*8,黑兽脂*6,,,弓之辉石*4,,,,,弓之辉石*10,,,,,弓之魔石*4,,,,,弓之魔石*10,凤凰羽毛*4,,,,弓之秘石*4,凤凰羽毛*7,,,,弓之秘石*10,陨蹄铁*4,,,,陨蹄铁*8,奇奇神酒*2,,,,奇奇神酒*6,血之泪石*12,,,,传承结晶*1,,,,
185,Assassin Paraiso|望月千代女,4,Assassin,杀阶银棋*4,,,,,杀阶银棋*10,万死的毒针*15,,,,杀阶金像*4,枯淡勾玉*8,精灵根*2,,,杀阶金像*10,精灵根*4,咒兽胆石*4,,,杀之辉石*4,,,,,杀之辉石*10,,,,,杀之魔石*4,,,,,杀之魔石*10,枯淡勾玉*4,,,,杀之秘石*4,枯淡勾玉*8,,,,杀之秘石*10,万死的毒针*10,,,,万死的毒针*20,混沌之爪*3,,,,混沌之爪*9,虚影之尘*40,,,,传承结晶*1,,,,
186,宝藏院胤舜,3,Lancer,枪阶银棋*4,,,,,枪阶银棋*8,战马的幼角*3,,,,枪阶金像*4,八连双晶*7,凤凰羽毛*3,,,枪阶金像*8,凤凰羽毛*6,蛮神心脏*4,,,枪之辉石*4,,,,,枪之辉石*8,,,,,枪之魔石*4,,,,,枪之魔石*8,八连双晶*4,,,,枪之秘石*4,八连双晶*7,,,,枪之秘石*8,战马的幼角*2,,,,战马的幼角*4,枯淡勾玉*4,,,,枯淡勾玉*12,凶骨*48,,,,传承结晶*1,,,,
187,柳生但马守宗矩,4,Saber,剑阶银棋*4,,,,,剑阶银棋*10,虚影之尘*12,,,,剑阶金像*4,英雄之证*24,起源的胎毛*3,,,剑阶金像*10,起源的胎毛*5,枯淡勾玉*10,,,剑之辉石*4,,,,,剑之辉石*10,,,,,剑之魔石*4,,,,,剑之魔石*10,英雄之证*12,,,,剑之秘石*4,英雄之证*24,,,,剑之秘石*10,虚影之尘*8,,,,虚影之尘*16,八连双晶*5,,,,八连双晶*15,奇奇神酒*8,,,,传承结晶*1,,,,
188,加藤段藏,4,Assassin,杀阶银棋*4,,,,,杀阶银棋*10,愚者之锁*18,,,,杀阶金像*4,鬼魂提灯*8,魔术髓液*12,,,杀阶金像*10,魔术髓液*24,无间齿轮*10,,,杀之辉石*4,,,,,杀之辉石*10,,,,,杀之魔石*4,,,,,杀之魔石*10,鬼魂提灯*4,,,,杀之秘石*4,鬼魂提灯*8,,,,杀之秘石*10,愚者之锁*12,,,,愚者之锁*24,虚影之尘*10,,,,虚影之尘*30,枯淡勾玉*20,,,,传承结晶*1,,,,
189,刑部姬,5,Assassin,杀阶银棋*5,,,,,杀阶银棋*12,世界树之种*9,,,,杀阶金像*5,虚影之尘*20,禁断书页*5,,,杀阶金像*12,禁断书页*10,精灵根*5,,,杀之辉石*5,,,,,杀之辉石*12,,,,,杀之魔石*5,,,,,杀之魔石*12,虚影之尘*10,,,,杀之秘石*5,虚影之尘*20,,,,杀之秘石*12,世界树之种*6,,,,世界树之种*12,奇奇神酒*3,,,,奇奇神酒*8,枯淡勾玉*24,,,,传承结晶*1,,,,
190,机械小伊丽,4,Alterego,B-Pellet*1,,,,,B-Pellet*1,,,,,B-Pellet*1,,,,,B-Pellet*1,,,,,骑之辉石*4,狂之辉石*4,,,,骑之辉石*10,狂之辉石*10,,,,骑之魔石*4,狂之魔石*4,,,,骑之魔石*10,狂之魔石*10,,,,骑之秘石*4,狂之秘石*4,,,,骑之秘石*10,狂之秘石*10,,,,血之泪石*4,黑兽脂*4,,,,龙之逆鳞*7,奇奇神酒*7,,,,传承结晶*1,,,,
191,机械小伊丽Ⅱ号机,4,Alterego,B-Pellet*1,,,,,B-Pellet*1,,,,,B-Pellet*1,,,,,B-Pellet*1,,,,,骑之辉石*4,狂之辉石*4,,,,骑之辉石*10,狂之辉石*10,,,,骑之魔石*4,狂之魔石*4,,,,骑之魔石*10,狂之魔石*10,,,,骑之秘石*4,狂之秘石*4,,,,骑之秘石*10,狂之秘石*10,,,,血之泪石*4,黑兽脂*4,,,,龙之逆鳞*7,奇奇神酒*7,,,,传承结晶*1,,,,
192,俄刻阿诺斯的Caster|喀耳刻,4,Caster,术阶银棋*4,,,,,术阶银棋*10,禁断书页*6,,,,术阶金像*4,起源的胎毛*5,凤凰羽毛*4,,,术阶金像*10,凤凰羽毛*7,智慧之圣甲虫像*4,,,术之辉石*4,,,,,术之辉石*10,,,,,术之魔石*4,,,,,术之魔石*10,起源的胎毛*3,,,,术之秘石*4,起源的胎毛*5,,,,术之秘石*10,禁断书页*4,,,,禁断书页*8,宵泣之铁桩*15,,,,宵泣之铁桩*45,蛮神心脏*8,,,,传承结晶*1,,,,
193,哪吒,4,Lancer,枪阶银棋*4,,,,,枪阶银棋*10,无间齿轮*6,,,,枪阶金像*4,人工生命体幼体*8,混沌之爪*3,,,枪阶金像*10,混沌之爪*5,战马的幼角*6,,,枪之辉石*4,,,,,枪之辉石*10,,,,,枪之魔石*4,,,,,枪之魔石*10,人工生命体幼体*4,,,,枪之秘石*4,人工生命体幼体*8,,,,枪之秘石*10,无间齿轮*4,,,,无间齿轮*8,魔术髓液*15,,,,魔术髓液*45,枯淡勾玉*20,,,,传承结晶*1,,,,
194,米德拉什的Caster|示巴女王,4,Caster,术阶银棋*4,,,,,术阶银棋*10,凤凰羽毛*5,,,,术阶金像*4,宵泣之铁桩*24,蛇之宝玉*4,,,术阶金像*10,蛇之宝玉*7,封魔之灯*6,,,术之辉石*4,,,,,术之辉石*10,,,,,术之魔石*4,,,,,术之魔石*10,宵泣之铁桩*12,,,,术之秘石*4,宵泣之铁桩*24,,,,术之秘石*10,凤凰羽毛*4,,,,凤凰羽毛*7,愚者之锁*15,,,,愚者之锁*45,智慧之圣甲虫像*8,,,,传承结晶*1,,,,
195,阿比盖尔·威廉姆斯,5,Foreigner,虚影之尘*10,禁断书页*10,,,,蛇之宝玉*10,混沌之爪*10,,,,黑兽脂*10,血之泪石*10,,,,宵泣之铁桩*10,咒兽胆石*10,,,,世界树之种*10,,,,,愚者之锁*10,,,,,魔术髓液*12,,,,,人工生命体幼体*12,,,,,凤凰羽毛*12,,,,,封魔之灯*15,,,,,精灵根*15,,,,,蛮神心脏*15,,,,,传承结晶*1,,,,
196,埃列什基伽勒,5,Lancer,枪阶银棋*5,,,,,枪阶银棋*12,鬼魂提灯*8,,,,枪阶金像*5,愚者之锁*29,蛮神心脏*2,,,枪阶金像*12,蛮神心脏*4,奇奇神酒*5,,,枪之辉石*5,,,,,枪之辉石*12,,,,,枪之魔石*5,,,,,枪之魔石*12,愚者之锁*15,,,,枪之秘石*5,愚者之锁*29,,,,枪之秘石*12,鬼魂提灯*5,,,,鬼魂提灯*10,枯淡勾玉*6,,,,枯淡勾玉*18,宵泣之铁桩*72,,,,传承结晶*1,,,,
197,阿蒂拉·the·圣(诞),4,Archer,圣诞老人的胡须*1,,,,,圣诞老人的胡须*1,,,,,圣诞老人的胡须*1,,,,,圣诞老人的胡须*1,,,,,弓之辉石*4,,,,,弓之辉石*10,,,,,弓之魔石*4,,,,,弓之魔石*10,世界树之种*5,,,,弓之秘石*4,世界树之种*10,,,,弓之秘石*10,陨蹄铁*4,,,,陨蹄铁*8,精灵根*2,,,,精灵根*6,起源的胎毛*12,,,,传承结晶*1,,,,
198,葛饰北斋,5,Foreigner,龙之牙*10,世界树之种*10,,,,凤凰羽毛*10,陨蹄铁*10,,,,起源的胎毛*10,精灵根*10,,,,枯淡勾玉*10,智慧之圣甲虫像*10,,,,凶骨*10,,,,,虚影之尘*10,,,,,禁断书页*12,,,,,八连双晶*12,,,,,鬼魂提灯*12,,,,,黑兽脂*15,,,,,龙之逆鳞*15,,,,,咒兽胆石*15,,,,,传承结晶*1,,,,
199,赛米拉米斯,5,Assassin,杀阶银棋*5,,,,,杀阶银棋*12,龙之牙*18,,,,杀阶金像*5,万死的毒针*24,蛇之宝玉*4,,,杀阶金像*12,蛇之宝玉*8,智慧之圣甲虫像*5,,,杀之辉石*5,,,,,杀之辉石*12,,,,,杀之魔石*5,,,,,杀之魔石*12,万死的毒针*12,,,,杀之秘石*5,万死的毒针*24,,,,杀之秘石*12,龙之牙*12,,,,龙之牙*24,凤凰羽毛*5,,,,凤凰羽毛*15,精灵根*10,,,,传承结晶*1,,,,
200,浅上藤乃,4,Archer,弓阶银棋*4,,,,,弓阶银棋*10,凶骨*18,,,,弓阶金像*4,虚影之尘*16,咒兽胆石*2,,,弓阶金像*10,咒兽胆石*4,血之泪石*6,,,弓之辉石*4,,,,,弓之辉石*10,,,,,弓之魔石*4,,,,,弓之魔石*10,虚影之尘*8,,,,弓之秘石*4,虚影之尘*16,,,,弓之秘石*10,凶骨*12,,,,凶骨*24,宵泣之铁桩*15,,,,宵泣之铁桩*45,魔术髓液*60,,,,传承结晶*1,,,,
201,阿纳斯塔西娅,5,Caster,术阶银棋*5,,,,,术阶银棋*12,虚影之尘*15,,,,术阶金像*5,追忆的贝壳*10,血之泪石*3,,,术阶金像*12,血之泪石*6,永远结冰*12,,,术之辉石*5,,,,,术之辉石*12,,,,,术之魔石*5,,,,,术之魔石*12,追忆的贝壳*5,,,,术之秘石*5,追忆的贝壳*10,,,,术之秘石*12,虚影之尘*10,,,,虚影之尘*20,禁断书页*6,,,,禁断书页*18,振荡火药*72,,,,传承结晶*1,,,,
202,阿塔兰忒(Alter),4,Berserker,狂阶银棋*4,,,,,狂阶银棋*10,世界树之种*8,,,,狂阶金像*4,黑兽脂*5,精灵根*2,,,狂阶金像*10,精灵根*4,起源的胎毛*6,,,狂之辉石*4,,,,,狂之辉石*10,,,,,狂之魔石*4,,,,,狂之魔石*10,黑兽脂*3,,,,狂之秘石*4,黑兽脂*5,,,,狂之秘石*10,世界树之种*5,,,,世界树之种*10,振荡火药*15,,,,振荡火药*45,混沌之爪*12,,,,传承结晶*1,,,,
203,阿维斯布隆,3,Caster,术阶银棋*4,,,,,术阶银棋*8,八连双晶*5,,,,术阶金像*4,人工生命体幼体*7,封魔之灯*2,,,术阶金像*8,封魔之灯*4,智慧之圣甲虫像*4,,,术之辉石*4,,,,,术之辉石*8,,,,,术之魔石*4,,,,,术之魔石*8,人工生命体幼体*4,,,,术之秘石*4,人工生命体幼体*7,,,,术之秘石*8,八连双晶*4,,,,八连双晶*7,永远结冰*4,,,,永远结冰*12,振荡火药*48,,,,传承结晶*1,,,,
204,安东尼奥·萨列里,3,Avenger,虚影之尘*8,凶骨*8,,,,禁断书页*8,无间齿轮*8,,,,鬼魂提灯*8,封魔之灯*8,,,,蛮神心脏*8,血之泪石*8,,,,愚者之锁*8,,,,,万死的毒针*8,,,,,魔术髓液*10,,,,,凤凰羽毛*10,,,,,宵泣之铁桩*10,,,,,振荡火药*12,,,,,永远结冰*12,,,,,智慧之圣甲虫像*12,,,,,传承结晶*1,,,,
205,伊凡雷帝,5,Rider,骑阶银棋*5,,,,,骑阶银棋*12,凶骨*22,,,,骑阶金像*5,陨蹄铁*10,起源的胎毛*3,,,骑阶金像*12,起源的胎毛*6,咒兽胆石*5,,,骑之辉石*5,,,,,骑之辉石*12,,,,,骑之魔石*5,,,,,骑之魔石*12,陨蹄铁*5,,,,骑之秘石*5,陨蹄铁*10,,,,骑之秘石*12,凶骨*15,,,,凶骨*29,万死的毒针*15,,,,万死的毒针*44,永远结冰*24,,,,传承结晶*1,,,,
206,阿喀琉斯,5,Rider,骑阶银棋*5,,,,,骑阶银棋*12,英雄之证*22,,,,骑阶金像*5,无间齿轮*10,战马的幼角*3,,,骑阶金像*12,战马的幼角*6,凤凰羽毛*10,,,骑之辉石*5,,,,,骑之辉石*12,,,,,骑之魔石*5,,,,,骑之魔石*12,无间齿轮*5,,,,骑之秘石*5,无间齿轮*10,,,,骑之秘石*12,英雄之证*15,,,,英雄之证*29,陨蹄铁*6,,,,陨蹄铁*18,蛮神心脏*10,,,,传承结晶*1,,,,
207,喀戎,4,Archer,弓阶银棋*4,,,,,弓阶银棋*10,陨蹄铁*6,,,,弓阶金像*4,禁断书页*8,精灵根*2,,,弓阶金像*10,精灵根*4,智慧之圣甲虫像*4,,,弓之辉石*4,,,,,弓之辉石*10,,,,,弓之魔石*4,,,,,弓之魔石*10,禁断书页*4,,,,弓之秘石*4,禁断书页*8,,,,弓之秘石*10,陨蹄铁*4,,,,陨蹄铁*8,蛇之宝玉*4,,,,蛇之宝玉*12,万死的毒针*48,,,,传承结晶*1,,,,
208,齐格,4,Caster,难忘之叶*1,,,,,难忘之叶*1,,,,,难忘之叶*1,,,,,难忘之叶*1,,,,,术之辉石*4,,,,,术之辉石*10,,,,,术之魔石*4,,,,,术之魔石*10,龙之牙*10,,,,术之秘石*4,龙之牙*20,,,,术之秘石*10,大骑士勋章*8,,,,大骑士勋章*16,蛮神心脏*2,,,,蛮神心脏*6,龙之逆鳞*8,,,,传承结晶*1,,,,
209,冲田总司(Alter),5,Alterego,剑阶银棋*5,杀阶银棋*5,,,,剑阶银棋*12,杀阶银棋*12,,,,剑阶金像*5,杀阶金像*5,,,,剑阶金像*12,杀阶金像*12,,,,剑之辉石*5,杀之辉石*5,,,,剑之辉石*12,杀之辉石*12,,,,剑之魔石*5,杀之魔石*5,,,,剑之魔石*12,杀之魔石*12,,,,剑之秘石*5,杀之秘石*5,,,,剑之秘石*12,杀之秘石*12,,,,八连双晶*8,永远结冰*8,,,,咒兽胆石*9,奇奇神酒*9,,,,传承结晶*1,,,,
210,冈田以藏,3,Assassin,杀阶银棋*4,,,,,杀阶银棋*8,凶骨*15,,,,杀阶金像*4,枯淡勾玉*7,愚者之锁*10,,,杀阶金像*8,愚者之锁*20,奇奇神酒*4,,,杀之辉石*4,,,,,杀之辉石*8,,,,,杀之魔石*4,,,,,杀之魔石*8,枯淡勾玉*4,,,,杀之秘石*4,枯淡勾玉*7,,,,杀之秘石*8,凶骨*10,,,,凶骨*20,宵泣之铁桩*12,,,,宵泣之铁桩*36,血之泪石*10,,,,传承结晶*1,,,,
211,坂本龙马,4,Rider,海援队旗*1,,,,,海援队旗*1,,,,,海援队旗*1,,,,,海援队旗*1,,,,,骑之辉石*4,,,,,骑之辉石*10,,,,,骑之魔石*4,,,,,骑之魔石*10,鬼魂提灯*4,,,,骑之秘石*4,鬼魂提灯*8,,,,骑之秘石*10,振荡火药*12,,,,振荡火药*24,枯淡勾玉*5,,,,枯淡勾玉*15,智慧之圣甲虫像*8,,,,传承结晶*1,,,,
212,拿破仑,5,Archer,弓阶银棋*5,,,,,弓阶银棋*12,英雄之证*22,,,,弓阶金像*5,振荡火药*29,战马的幼角*3,,,弓阶金像*12,战马的幼角*6,智慧之圣甲虫像*5,,,弓之辉石*5,,,,,弓之辉石*12,,,,,弓之魔石*5,,,,,弓之魔石*12,振荡火药*15,,,,弓之秘石*5,振荡火药*29,,,,弓之秘石*12,英雄之证*15,,,,英雄之证*29,愚者之锁*18,,,,愚者之锁*54,永远结冰*24,,,,传承结晶*1,,,,
213,齐格鲁德,5,Saber,剑阶银棋*5,,,,,剑阶银棋*12,龙之牙*18,,,,剑阶金像*5,陨蹄铁*10,封魔之灯*3,,,剑阶金像*12,封魔之灯*6,龙之逆鳞*5,,,剑之辉石*5,,,,,剑之辉石*12,,,,,剑之魔石*5,,,,,剑之魔石*12,陨蹄铁*5,,,,剑之秘石*5,陨蹄铁*10,,,,剑之秘石*12,龙之牙*12,,,,龙之牙*24,龙之逆鳞*3,,,,龙之逆鳞*8,巨人的指环*24,,,,传承结晶*1,,,,
214,瓦尔基里,4,Lancer,枪阶银棋*4,,,,,枪阶银棋*10,世界树之种*8,,,,枪阶金像*4,英雄之证*24,凤凰羽毛*4,,,枪阶金像*10,凤凰羽毛*7,极光之钢*10,,,枪之辉石*4,,,,,枪之辉石*10,,,,,枪之魔石*4,,,,,枪之魔石*10,英雄之证*12,,,,枪之秘石*4,英雄之证*24,,,,枪之秘石*10,世界树之种*5,,,,世界树之种*10,鬼魂提灯*5,,,,鬼魂提灯*15,极光之钢*20,,,,传承结晶*1,,,,
215,斯卡哈·丝卡蒂,5,Caster,术阶银棋*5,,,,,术阶银棋*12,起源的胎毛*5,,,,术阶金像*5,永远结冰*10,蛮神心脏*2,,,术阶金像*12,蛮神心脏*4,巨人的指环*12,,,术之辉石*5,,,,,术之辉石*12,,,,,术之魔石*5,,,,,术之魔石*12,永远结冰*5,,,,术之秘石*5,永远结冰*10,,,,术之秘石*12,起源的胎毛*3,,,,起源的胎毛*6,极光之钢*6,,,,极光之钢*18,虚影之尘*48,,,,传承结晶*1,,,,
216,贞德(Archer),5,Archer,弓阶银棋*5,,,,,弓阶银棋*12,永远结冰*8,,,,弓阶金像*5,追忆的贝壳*10,极光之钢*5,,,弓阶金像*12,极光之钢*10,智慧之圣甲虫像*5,,,弓之辉石*5,,,,,弓之辉石*12,,,,,弓之魔石*5,,,,,弓之魔石*12,追忆的贝壳*5,,,,弓之秘石*5,追忆的贝壳*10,,,,弓之秘石*12,永远结冰*5,,,,永远结冰*10,凤凰羽毛*5,,,,凤凰羽毛*15,奇奇神酒*10,,,,传承结晶*1,,,,
217,茨木童子(Lancer),4,Lancer,枪阶银棋*4,,,,,枪阶银棋*10,凶骨*18,,,,枪阶金像*4,封魔之灯*5,黑兽脂*3,,,枪阶金像*10,黑兽脂*5,奇奇神酒*4,,,枪之辉石*4,,,,,枪之辉石*10,,,,,枪之魔石*4,,,,,枪之魔石*10,封魔之灯*3,,,,枪之秘石*4,封魔之灯*5,,,,枪之秘石*10,凶骨*12,,,,凶骨*24,振荡火药*15,,,,振荡火药*45,追忆的贝壳*20,,,,传承结晶*1,,,,
218,牛若丸(Assassin),4,Assassin,杀阶银棋*4,,,,,杀阶银棋*10,世界树之种*8,,,,杀阶金像*4,枯淡勾玉*8,战马的幼角*3,,,杀阶金像*10,战马的幼角*5,咒兽胆石*4,,,杀之辉石*4,,,,,杀之辉石*10,,,,,杀之魔石*4,,,,,杀之魔石*10,枯淡勾玉*4,,,,杀之秘石*4,枯淡勾玉*8,,,,杀之秘石*10,世界树之种*5,,,,世界树之种*10,追忆的贝壳*5,,,,追忆的贝壳*15,巨人的指环*20,,,,传承结晶*1,,,,
219,贞德(Alter)(Berserker),4,Berserker,漆黑的羽毛笔*1,,,,,漆黑的羽毛笔*1,,,,,漆黑的羽毛笔*1,,,,,漆黑的羽毛笔*1,,,,,狂之辉石*4,,,,,狂之辉石*10,,,,,狂之魔石*4,,,,,狂之魔石*10,禁断书页*4,,,,狂之秘石*4,禁断书页*8,,,,狂之秘石*10,追忆的贝壳*4,,,,追忆的贝壳*8,枯淡勾玉*5,,,,枯淡勾玉*15,咒兽胆石*8,,,,传承结晶*1,,,,
220,BB(SSR),5,MoonCancer,剑阶银棋*5,狂阶银棋*5,,,,剑阶银棋*12,狂阶银棋*12,,,,剑阶金像*5,狂阶金像*5,,,,剑阶金像*12,狂阶金像*12,,,,剑之辉石*5,狂之辉石*5,,,,剑之辉石*12,狂之辉石*12,,,,剑之魔石*5,狂之魔石*5,,,,剑之魔石*12,狂之魔石*12,,,,剑之秘石*5,狂之秘石*5,,,,剑之秘石*12,狂之秘石*12,,,,黑兽脂*5,混沌之爪*5,,,,奇奇神酒*9,蛮神心脏*9,,,,传承结晶*1,,,,
221,女王梅芙(Saber),4,Saber,剑阶银棋*4,,,,,剑阶银棋*10,追忆的贝壳*6,,,,剑阶金像*4,起源的胎毛*5,凤凰羽毛*4,,,剑阶金像*10,凤凰羽毛*7,精灵根*4,,,剑之辉石*4,,,,,剑之辉石*10,,,,,剑之魔石*4,,,,,剑之魔石*10,起源的胎毛*3,,,,剑之秘石*4,起源的胎毛*5,,,,剑之秘石*10,追忆的贝壳*4,,,,追忆的贝壳*8,极光之钢*5,,,,极光之钢*15,永远结冰*20,,,,传承结晶*1,,,,
222,谜之女主角XX,4,Foreigner,龙之牙*8,无间齿轮*8,,,,黑兽脂*8,大骑士勋章*8,,,,血之泪石*8,巨人的指环*8,,,,龙之逆鳞*8,起源的胎毛*8,,,,英雄之证*8,,,,,龙之牙*8,,,,,无间齿轮*10,,,,,大骑士勋章*10,,,,,极光之钢*10,,,,,巨人的指环*12,,,,,起源的胎毛*12,,,,,龙之逆鳞*12,,,,,传承结晶*1,,,,
223,迪尔姆德·奥迪那(Saber),4,Saber,剑阶银棋*4,,,,,剑阶银棋*10,英雄之证*18,,,,剑阶金像*4,大骑士勋章*16,咒兽胆石*2,,,剑阶金像*10,咒兽胆石*4,血之泪石*6,,,剑之辉石*4,,,,,剑之辉石*10,,,,,剑之魔石*4,,,,,剑之魔石*10,大骑士勋章*8,,,,剑之秘石*4,大骑士勋章*16,,,,剑之秘石*10,英雄之证*12,,,,英雄之证*24,万死的毒针*12,,,,万死的毒针*36,宵泣之铁桩*60,,,,传承结晶*1,,,,
224,西托奈,5,Alterego,术阶银棋*5,狂阶银棋*5,,,,术阶银棋*12,狂阶银棋*12,,,,术阶金像*5,狂阶金像*5,,,,术阶金像*12,狂阶金像*12,,,,术之辉石*5,狂之辉石*5,,,,术之辉石*12,狂之辉石*12,,,,术之魔石*5,狂之魔石*5,,,,术之魔石*12,狂之魔石*12,,,,术之秘石*5,狂之秘石*5,,,,术之秘石*12,狂之秘石*12,,,,封魔之灯*5,起源的胎毛*5,,,,龙之逆鳞*9,蛮神心脏*9,,,,传承结晶*1,,,,
225,酒吞童子(Caster),4,Caster,护法之杖*1,,,,,护法之杖*1,,,,,护法之杖*1,,,,,护法之杖*1,,,,,术之辉石*4,,,,,术之辉石*10,,,,,术之魔石*4,,,,,术之魔石*10,凶骨*12,,,,术之秘石*4,凶骨*24,,,,术之秘石*10,万死的毒针*10,,,,万死的毒针*20,凤凰羽毛*4,,,,凤凰羽毛*12,极光之钢*20,,,,传承结晶*1,,,,
226,项羽,5,Berserker,狂阶银棋*5,,,,,狂阶银棋*12,无间齿轮*8,,,,狂阶金像*5,振荡火药*29,黑兽脂*3,,,狂阶金像*12,黑兽脂*6,晓光炉心*8,,,狂之辉石*5,,,,,狂之辉石*12,,,,,狂之魔石*5,,,,,狂之魔石*12,振荡火药*15,,,,狂之秘石*5,振荡火药*29,,,,狂之秘石*12,无间齿轮*5,,,,无间齿轮*10,巨人的指环*6,,,,巨人的指环*18,晓光炉心*15,,,,传承结晶*1,,,,
227,兰陵王,4,Saber,剑阶银棋*4,,,,,剑阶银棋*10,英雄之证*18,,,,剑阶金像*4,凤凰羽毛*7,龙之牙*10,,,剑阶金像*10,龙之牙*20,龙之逆鳞*4,,,剑之辉石*4,,,,,剑之辉石*10,,,,,剑之魔石*4,,,,,剑之魔石*10,凤凰羽毛*4,,,,剑之秘石*4,凤凰羽毛*7,,,,剑之秘石*10,英雄之证*12,,,,英雄之证*24,万死的毒针*12,,,,万死的毒针*36,智慧之圣甲虫像*8,,,,传承结晶*1,,,,
228,秦良玉,4,Lancer,枪阶银棋*4,,,,,枪阶银棋*10,世界树之种*8,,,,枪阶金像*4,蛇之宝玉*7,凤凰羽毛*4,,,枪阶金像*10,凤凰羽毛*7,混沌之爪*6,,,枪之辉石*4,,,,,枪之辉石*10,,,,,枪之魔石*4,,,,,枪之魔石*10,蛇之宝玉*4,,,,枪之秘石*4,蛇之宝玉*7,,,,枪之秘石*10,世界树之种*5,,,,世界树之种*10,极光之钢*5,,,,极光之钢*15,闲古铃*20,,,,传承结晶*1,,,,
229,始皇帝,5,Ruler,剑阶银棋*5,术阶银棋*5,骑阶银棋*5,,,弓阶银棋*5,枪阶银棋*5,杀阶银棋*5,狂阶银棋*5,,剑阶金像*5,术阶金像*5,骑阶金像*5,,,弓阶金像*5,枪阶金像*5,杀阶金像*5,狂阶金像*5,,剑之辉石*5,术之辉石*5,骑之辉石*5,,,弓之辉石*5,枪之辉石*5,杀之辉石*5,狂之辉石*5,,剑之魔石*5,术之魔石*5,骑之魔石*5,,,弓之魔石*5,枪之魔石*5,杀之魔石*5,狂之魔石*5,,剑之秘石*5,术之秘石*5,骑之秘石*5,,,弓之秘石*5,枪之秘石*5,杀之秘石*5,狂之秘石*5,,闲古铃*12,,,,,晓光炉心*20,,,,,传承结晶*1,,,,
230,虞美人,4,Assassin,杀阶银棋*4,,,,,杀阶银棋*10,虚影之尘*12,,,,杀阶金像*4,晓光炉心*8,血之泪石*3,,,杀阶金像*10,血之泪石*5,精灵根*4,,,杀之辉石*4,,,,,杀之辉石*10,,,,,杀之魔石*4,,,,,杀之魔石*10,闲古铃*4,,,,杀之秘石*4,闲古铃*8,,,,杀之秘石*10,虚影之尘*8,,,,虚影之尘*16,宵泣之铁桩*15,,,,宵泣之铁桩*45,晓光炉心*12,,,,传承结晶*1,,,,
231,赤兔马,3,Rider,骑阶银棋*4,,,,,骑阶银棋*8,陨蹄铁*5,,,,骑阶金像*4,魔术髓液*20,愚者之锁*10,,,骑阶金像*8,愚者之锁*20,咒兽胆石*4,,,骑之辉石*4,,,,,骑之辉石*8,,,,,骑之魔石*4,,,,,骑之魔石*8,魔术髓液*10,,,,骑之秘石*4,魔术髓液*20,,,,骑之秘石*8,陨蹄铁*4,,,,陨蹄铁*7,闲古铃*4,,,,闲古铃*12,血之泪石*10,,,,传承结晶*1,,,,
232,布拉达曼特,5,Lancer,枪阶银棋*5,,,,,枪阶银棋*12,英雄之证*22,,,,枪阶金像*5,大骑士勋章*20,战马的幼角*3,,,枪阶金像*12,战马的幼角*6,凤凰羽毛*10,,,枪之辉石*5,,,,,枪之辉石*12,,,,,枪之魔石*5,,,,,枪之魔石*12,大骑士勋章*10,,,,枪之秘石*5,大骑士勋章*20,,,,枪之秘石*12,英雄之证*15,,,,英雄之证*29,追忆的贝壳*6,,,,追忆的贝壳*18,极光之钢*24,,,,传承结晶*1,,,,
233,魁札尔·科亚特尔(桑巴/圣诞),4,Ruler,库库尔坎面具*1,,,,,库库尔坎面具*1,,,,,库库尔坎面具*1,,,,,库库尔坎面具*1,,,,,枪之辉石*4,骑之辉石*4,狂之辉石*4,,,剑之辉石*4,弓之辉石*4,术之辉石*4,杀之辉石*4,,枪之魔石*4,骑之魔石*4,狂之魔石*4,,,剑之魔石*4,弓之魔石*4,术之魔石*4,杀之魔石*4,,枪之秘石*4,骑之秘石*4,狂之秘石*4,,,剑之秘石*4,弓之秘石*4,术之秘石*4,杀之秘石*4,,巨人的指环*10,,,,,奇奇神酒*12,,,,,传承结晶*1,,,,
234,剪舌麻雀的红阎魔,5,Saber,剑阶银棋*5,,,,,剑阶银棋*12,世界树之种*9,,,,剑阶金像*5,鬼魂提灯*10,凤凰羽毛*4,,,剑阶金像*12,凤凰羽毛*8,智慧之圣甲虫像*5,,,剑之辉石*5,,,,,剑之辉石*12,,,,,剑之魔石*5,,,,,剑之魔石*12,鬼魂提灯*5,,,,剑之秘石*5,鬼魂提灯*10,,,,剑之秘石*12,世界树之种*6,,,,世界树之种*12,闲古铃*6,,,,闲古铃*18,枯淡勾玉*24,,,,传承结晶*1,,,,
235,李书文(Assassin),5,Assassin,杀阶银棋*5,,,,,杀阶银棋*12,凶骨*22,,,,杀阶金像*5,八连双晶*10,奇奇神酒*2,,,杀阶金像*12,奇奇神酒*4,闲古铃*12,,,杀之辉石*5,,,,,杀之辉石*12,,,,,杀之魔石*5,,,,,杀之魔石*12,八连双晶*5,,,,杀之秘石*5,八连双晶*12,,,,杀之秘石*12,凶骨*15,,,,凶骨*29,万死的毒针*15,,,,万死的毒针*44,闲古铃*24,,,,传承结晶*1,,,,
236,美游·艾德费尔特,4,Caster,术阶银棋*4,,,,,术阶银棋*8,英雄之证*18,,,,术阶金像*4,虚影之尘*16,精灵根*2,,,术阶金像*8,精灵根*4,凤凰羽毛*8,,,术之辉石*4,,,,,术之辉石*8,,,,,术之魔石*4,,,,,术之魔石*8,虚影之尘*8,,,,术之秘石*4,虚影之尘*16,,,,术之秘石*8,英雄之证*12,,,,英雄之证*24,起源的胎毛*3,,,,起源的胎毛*9,追忆的贝壳*20,,,,传承结晶*1,,,,
237,紫式部,5,Caster,术阶银棋*5,,,,,术阶银棋*12,禁断书页*8,,,,术阶金像*5,黑兽脂*6,起源的胎毛*3,,,术阶金像*12,起源的胎毛*6,智慧之圣甲虫像*5,,,术之辉石*5,,,,,术之辉石*12,,,,,术之魔石*5,,,,,术之魔石*12,黑兽脂*3,,,,术之秘石*5,黑兽脂*6,,,,术之秘石*12,禁断书页*5,,,,禁断书页*10,闲古铃*6,,,,闲古铃*18,九十九镜*10,,,,传承结晶*1,,,,
238,Kingprotea,5,Alterego,剑阶银棋*5,骑阶银棋*5,,,,剑阶银棋*12,骑阶银棋*12,,,,剑阶金像*5,骑阶金像*5,,,,剑阶金像*12,骑阶金像*12,,,,剑之辉石*5,骑之辉石*5,,,,剑之辉石*12,骑之辉石*12,,,,剑之魔石*5,骑之魔石*5,,,,剑之魔石*12,骑之魔石*12,,,,剑之秘石*5,骑之秘石*5,,,,剑之秘石*12,骑之秘石*12,,,,巨人的指环*5,晓光炉心*5,,,,龙之逆鳞*9,精灵根*9,,,,传承结晶*1,,,,
239,迦摩,5,Assassin,杀阶银棋*5,,,,,杀阶银棋*12,血之泪石*5,,,,杀阶金像*5,奇奇神酒*4,九十九镜*2,,,杀阶金像*12,九十九镜*4,虚影之尘*24,,,杀之辉石*5,,,,,杀之辉石*12,,,,,杀之魔石*5,,,,,杀之魔石*12,奇奇神酒*2,,,,杀之秘石*5,奇奇神酒*4,,,,杀之秘石*12,血之泪石*3,,,,血之泪石*6,蛮神心脏*3,,,,蛮神心脏*6,封魔之灯*15,,,,传承结晶*1,,,,
240,BeastⅢ／L,5,BeastⅢ/L,,,,,,,,,,,,,,,,,,,,,,,,,,,,,,,,,,,,,,,,,,,,,,,,,,,,,,,,,,,,,,,,,
241,司马懿〔莱妮丝〕,5,Rider,骑阶银棋*5,,,,,骑阶银棋*12,无间齿轮*8,,,,骑阶金像*5,禁断书页*10,战马的幼角*3,,,骑阶金像*12,战马的幼角*6,智慧之圣甲虫像*5,,,骑之辉石*5,,,,,骑之辉石*12,,,,,骑之魔石*5,,,,,骑之魔石*12,禁断书页*5,,,,骑之秘石*5,禁断书页*10,,,,骑之秘石*12,无间齿轮*5,,,,无间齿轮*10,宵泣之铁桩*18,,,,宵泣之铁桩*54,闲古铃*24,,,,传承结晶*1,,,,
242,阿斯特赖亚,4,Ruler,剑阶银棋*4,术阶银棋*4,狂阶银棋*4,,,枪阶银棋*4,弓阶银棋*4,骑阶银棋*4,杀阶银棋*4,,剑阶金像*4,术阶金像*4,狂阶金像*4,,,枪阶金像*4,弓阶金像*4,骑阶金像*4,杀阶金像*4,,剑之辉石*4,术之辉石*4,狂之辉石*4,,,枪之辉石*4,弓之辉石*4,骑之辉石*4,杀之辉石*4,,剑之魔石*4,术之魔石*4,狂之魔石*4,,,枪之魔石*4,弓之魔石*4,骑之魔石*4,杀之魔石*4,,剑之秘石*4,术之秘石*4,狂之秘石*4,,,枪之秘石*4,弓之秘石*4,骑之秘石*4,杀之秘石*4,,极光之钢*10,,,,,九十九镜*12,,,,,传承结晶*1,,,,
243,格蕾,4,Assassin,亚德靠枕*1,,,,,亚德靠枕*1,,,,,亚德靠枕*1,,,,,亚德靠枕*1,,,,,杀之辉石*4,,,,,杀之辉石*10,,,,,杀之魔石*4,,,,,杀之魔石*10,凶骨*12,,,,杀之秘石*4,凶骨*24,,,,杀之秘石*10,鬼魂提灯*4,,,,鬼魂提灯*8,虚影之尘*10,,,,虚影之尘*30,龙之逆鳞*8,,,,传承结晶*1,,,,
244,伟大的石像神/吉娜可·加里吉利,5,MoonCancer,枪阶银棋*5,术阶银棋*5,,,,枪阶银棋*12,术阶银棋*12,,,,枪阶金像*5,术阶金像*5,,,,枪阶金像*12,术阶金像*12,,,,枪之辉石*5,术之辉石*5,,,,枪之辉石*12,术之辉石*12,,,,枪之魔石*5,术之魔石*5,,,,枪之魔石*12,术之魔石*12,,,,枪之秘石*5,术之秘石*5,,,,枪之秘石*12,术之秘石*12,,,,巨人的指环*8,闲古铃*8,,,,智慧之圣甲虫像*9,九十九镜*9,,,,传承结晶*1,,,,
245,拉克西米·巴伊,4,Saber,剑阶银棋*4,,,,,剑阶银棋*10,英雄之证*18,,,,剑阶金像*4,战马的幼角*5,凤凰羽毛*4,,,剑阶金像*10,凤凰羽毛*7,九十九镜*4,,,剑之辉石*4,,,,,剑之辉石*10,,,,,剑之魔石*4,,,,,剑之魔石*10,战马的幼角*3,,,,剑之秘石*4,战马的幼角*5,,,,剑之秘石*10,英雄之证*12,,,,英雄之证*24,振荡火药*15,,,,振荡火药*45,极光之钢*20,,,,传承结晶*1,,,,
246,威廉·退尔,3,Archer,弓阶银棋*4,,,,,弓阶银棋*8,世界树之种*6,,,,弓阶金像*4,愚者之锁*20,起源的胎毛*2,,,弓阶金像*8,起源的胎毛*2,精灵根*4,,,弓之辉石*4,,,,,弓之辉石*8,,,,,弓之魔石*4,,,,,弓之魔石*8,愚者之锁*10,,,,弓之秘石*4,愚者之锁*20,,,,弓之秘石*8,世界树之种*4,,,,世界树之种*8,血之泪石*3,,,,血之泪石*8,祸罪的箭镞*16,,,,传承结晶*1,,,,
247,阿周那〔Alter〕,5,Berserker,狂阶银棋*5,,,,,狂阶银棋*12,黑兽脂*5,,,,狂阶金像*5,封魔之灯*6,蛮神心脏*2,,,狂阶金像*12,蛮神心脏*4,真理之卵*5,,,狂之辉石*5,,,,,狂之辉石*12,,,,,狂之魔石*5,,,,,狂之魔石*12,封魔之灯*3,,,,狂之秘石*5,封魔之灯*6,,,,狂之秘石*12,黑兽脂*3,,,,黑兽脂*6,巨人的指环*6,,,,巨人的指环*18,真理之卵*10,,,,传承结晶*1,,,,
248,马嘶,4,Archer,弓阶银棋*4,,,,,弓阶银棋*10,血之泪石*4,,,,弓阶金像*4,宵泣之铁桩*24,封魔之灯*3,,,弓阶金像*10,封魔之灯*5,祸罪的箭镞*10,,,弓之辉石*4,,,,,弓之辉石*10,,,,,弓之魔石*4,,,,,弓之魔石*10,宵泣之铁桩*12,,,,弓之秘石*4,宵泣之铁桩*24,,,,弓之秘石*10,血之泪石*3,,,,血之泪石*5,祸罪的箭镞*5,,,,祸罪的箭镞*15,晓光炉心*12,,,,传承结晶*1,,,,
249,阿斯克勒庇俄斯,3,Caster,术阶银棋*4,,,,,术阶银棋*8,禁断书页*5,,,,术阶金像*4,蛇之宝玉*6,人工生命体幼体*4,,,术阶金像*8,人工生命体幼体*7,智慧之圣甲虫像*4,,,术之辉石*4,,,,,术之辉石*8,,,,,术之魔石*4,,,,,术之魔石*8,蛇之宝玉*3,,,,术之秘石*4,蛇之宝玉*6,,,,术之秘石*8,禁断书页*4,,,,禁断书页*7,魔术髓液*12,,,,魔术髓液*36,真理之卵*7,,,,传承结晶*1,,,,
250,织田信长(Avenger),5,Avenger,凶骨*10,虚影之尘*10,,,,鬼魂提灯*10,无间齿轮*10,,,,黑兽脂*10,血之泪石*10,,,,咒兽胆石*10,奇奇神酒*10,,,,陨蹄铁*10,,,,,愚者之锁*10,,,,,封魔之灯*12,,,,,魔术髓液*12,,,,,枯淡勾玉*12,,,,,振荡火药*15,,,,,闲古铃*15,,,,,晓光炉心*15,,,,,传承结晶*1,,,,
251,森长可,3,Berserker,狂阶银棋*4,,,,,狂阶银棋*8,英雄之证*15,,,,狂阶金像*4,凶骨*20,八连双晶*4,,,狂阶金像*8,八连双晶*7,混沌之爪*5,,,狂之辉石*4,,,,,狂之辉石*8,,,,,狂之魔石*4,,,,,狂之魔石*8,凶骨*10,,,,狂之秘石*4,凶骨*20,,,,狂之秘石*8,英雄之证*10,,,,英雄之证*20,枯淡勾玉*4,,,,枯淡勾玉*12,奇奇神酒*7,,,,传承结晶*1,,,,
252,长尾景虎,4,Lancer,毗天的龙玉*1,,,,,毗天的龙玉*1,,,,,毗天的龙玉*1,,,,,毗天的龙玉*1,,,,,枪之辉石*4,,,,,枪之辉石*10,,,,,枪之魔石*4,,,,,枪之魔石*10,英雄之证*12,,,,枪之秘石*4,英雄之证*24,,,,枪之秘石*10,龙之牙*10,,,,龙之牙*20,永远结冰*5,,,,永远结冰*15,极光之钢*20,,,,传承结晶*1,,,,
253,莱昂纳多·达·芬奇(Rider),5,Rider,骑阶银棋*5,,,,,骑阶银棋*12,人工生命体幼体*8,,,,骑阶金像*5,陨蹄铁*10,无间齿轮*5,,,骑阶金像*12,无间齿轮*10,智慧之圣甲虫像*5,,,骑之辉石*5,,,,,骑之辉石*12,,,,,骑之魔石*5,,,,,骑之魔石*12,陨蹄铁*5,,,,骑之秘石*5,陨蹄铁*10,,,,骑之秘石*12,人工生命体幼体*5,,,,人工生命体幼体*5,晓光炉心*4,,,,晓光炉心*11,真理之卵*10,,,,传承结晶*1,,,,
254,伊阿宋,1,Saber,剑阶银棋*2,,,,,剑阶银棋*4,龙之牙*6,,,,剑阶金像*2,英雄之证*10,凤凰羽毛*2,,,剑阶金像*4,凤凰羽毛*3,起源的胎毛*3,,,剑之辉石*2,,,,,剑之辉石*4,,,,,剑之魔石*2,,,,,剑之魔石*4,英雄之证*5,,,,剑之秘石*2,英雄之证*10,,,,剑之秘石*4,龙之牙*4,,,,龙之牙*8,巨人的指环*2,,,,巨人的指环*6,真理之卵*4,,,,传承结晶*1,,,,
255,帕里斯,2,Archer,弓阶银棋*3,,,,,弓阶银棋*6,世界树之种*5,,,,弓阶金像*3,万死的毒针*12,混沌之爪*2,,,弓阶金像*6,混沌之爪*3,精灵根*3,,,弓之辉石*3,,,,,弓之辉石*6,,,,,弓之魔石*3,,,,,弓之魔石*6,万死的毒针*6,,,,弓之秘石*3,万死的毒针*12,,,,弓之秘石*6,世界树之种*3,,,,世界树之种*6,起源的胎毛*2,,,,起源的胎毛*6,祸罪的箭镞*12,,,,传承结晶*1,,,,
256,加雷斯,2,Lancer,枪阶银棋*3,,,,,枪阶银棋*6,英雄之证*11,,,,枪阶金像*3,战马的幼角*3,大骑士勋章*5,,,枪阶金像*6,大骑士勋章*10,龙之逆鳞*3,,,枪之辉石*3,,,,,枪之辉石*6,,,,,枪之魔石*3,,,,,枪之魔石*6,战马的幼角*2,,,,枪之秘石*3,战马的幼角*3,,,,枪之秘石*6,英雄之证*8,,,,英雄之证*15,大骑士勋章*6,,,,大骑士勋章*18,极光之钢*12,,,,传承结晶*1,,,,
257,巴沙洛缪·罗伯茨,1,Rider,骑阶银棋*2,,,,,骑阶银棋*4,愚者之锁*8,,,,骑阶金像*2,黑兽脂*2,鬼魂提灯*2,,,骑阶金像*4,鬼魂提灯*4,蛇之宝玉*4,,,骑之辉石*2,,,,,骑之辉石*4,,,,,骑之魔石*2,,,,,骑之魔石*4,黑兽脂*1,,,,骑之秘石*2,黑兽脂*2,,,,骑之秘石*4,愚者之锁*5,,,,愚者之锁*10,追忆的贝壳*2,,,,追忆的贝壳*6,振荡火药*24,,,,传承结晶*1,,,,
258,陈宫,2,Caster,术阶银棋*3,,,,,术阶银棋*6,禁断书页*4,,,,术阶金像*3,无间齿轮*5,八连双晶*3,,,术阶金像*6,八连双晶*5,智慧之圣甲虫像*3,,,术之辉石*3,,,,,术之辉石*6,,,,,术之魔石*3,,,,,术之魔石*6,无间齿轮*3,,,,术之秘石*3,无间齿轮*5,,,,术之秘石*6,禁断书页*3,,,,禁断书页*5,枯淡勾玉*3,,,,枯淡勾玉*6,闲古铃*12,,,,传承结晶*1,,,,
259,夏绿蒂·科黛,1,Assassin,杀阶银棋*2,,,,,杀阶银棋*4,虚影之尘*5,,,,杀阶金像*2,血之泪石*2,宵泣之铁桩*5,,,杀阶金像*4,宵泣之铁桩*10,九十九镜*2,,,杀之辉石*2,,,,,杀之辉石*4,,,,,杀之魔石*2,,,,,杀之魔石*4,血之泪石*1,,,,杀之秘石*2,血之泪石*2,,,,杀之秘石*4,虚影之尘*4,,,,虚影之尘*7,咒兽胆石*1,,,,咒兽胆石*3,宵泣之铁桩*24,,,,传承结晶*1,,,,
260,莎乐美,2,Berserker,狂阶银棋*3,,,,,狂阶银棋*6,凶骨*11,,,,狂阶金像*3,封魔之灯*3,虚影之尘*5,,,狂阶金像*6,虚影之尘*10,奇奇神酒*3,,,狂之辉石*3,,,,,狂之辉石*6,,,,,狂之魔石*3,,,,,狂之魔石*6,封魔之灯*2,,,,狂之秘石*3,封魔之灯*3,,,,狂之秘石*6,凶骨*8,,,,凶骨*15,魔术髓液*9,,,,魔术髓液*27,永远结冰*12,,,,传承结晶*1,,,,
261,宫本武藏(Berserker),5,Berserker,狂阶银棋*5,,,,,狂阶银棋*12,英雄之证*22,,,,狂阶金像*5,追忆的贝壳*10,封魔之灯*3,,,狂阶金像*12,封魔之灯*6,咒兽胆石*5,,,狂之辉石*5,,,,,狂之辉石*12,,,,,狂之魔石*5,,,,,狂之魔石*12,追忆的贝壳*5,,,,狂之秘石*5,追忆的贝壳*10,,,,狂之秘石*12,英雄之证*15,,,,英雄之证*22,巨人的指环*6,,,,巨人的指环*18,九十九镜*10,,,,传承结晶*1,,,,
262,刑部姬(Archer),4,Archer,弓阶银棋*4,,,,,弓阶银棋*10,虚影之尘*12,,,,弓阶金像*4,振荡火药*24,追忆的贝壳*4,,,弓阶金像*10,追忆的贝壳*8,无间齿轮*10,,,弓之辉石*4,,,,,弓之辉石*10,,,,,弓之魔石*4,,,,,弓之魔石*10,振荡火药*12,,,,弓之秘石*4,振荡火药*24,,,,弓之秘石*10,虚影之尘*8,,,,虚影之尘*16,晓光炉心*3,,,,晓光炉心*8,祸罪的箭镞*20,,,,传承结晶*1,,,,
263,卡米拉(Rider),4,Rider,骑阶银棋*4,,,,,骑阶银棋*10,万死的毒针*15,,,,骑阶金像*4,血之泪石*5,蛇之宝玉*4,,,骑阶金像*10,蛇之宝玉*7,追忆的贝壳*10,,,骑之辉石*4,,,,,骑之辉石*10,,,,,骑之魔石*4,,,,,骑之魔石*10,血之泪石*3,,,,骑之秘石*4,血之泪石*5,,,,骑之秘石*10,万死的毒针*10,,,,万死的毒针*20,宵泣之铁桩*15,,,,宵泣之铁桩*45,魔术髓液*60,,,,传承结晶*1,,,,
264,葛饰北斋(Saber),4,Saber,富岳三十六冰*1,,,,,富岳三十六冰*1,,,,,富岳三十六冰*1,,,,,富岳三十六冰*1,,,,,剑之辉石*4,,,,,剑之辉石*10,,,,,剑之魔石*4,,,,,剑之魔石*10,世界树之种*5,,,,剑之秘石*4,世界树之种*10,,,,剑之秘石*10,追忆的贝壳*4,,,,追忆的贝壳*8,枯淡勾玉*5,,,,枯淡勾玉*15,闲古铃*20,,,,传承结晶*1,,,,
265,阿尔托莉雅·潘德拉贡(Ruler),5,Ruler,弓阶银棋*5,枪阶银棋*5,术阶银棋*5,,,剑阶银棋*5,骑阶银棋*5,杀阶银棋*5,狂阶银棋*5,,弓阶金像*5,枪阶金像*5,术阶金像*5,,,剑阶金像*5,骑阶金像*5,杀阶金像*5,狂阶金像*5,,弓之辉石*5,枪之辉石*5,术之辉石*5,,,剑之辉石*5,骑之辉石*5,杀之辉石*5,狂之辉石*5,,弓之魔石*5,枪之魔石*5,术之魔石*5,,,剑之魔石*5,骑之魔石*5,杀之魔石*5,狂之魔石*5,,弓之秘石*5,枪之秘石*5,术之秘石*5,,,剑之秘石*5,骑之秘石*5,杀之秘石*5,狂之秘石*5,,追忆的贝壳*12,,,,,龙之逆鳞*15,,,,,传承结晶*1,,,,
266,谜之Alterego_Λ,4,Lancer,枪阶银棋*4,,,,,枪阶银棋*10,追忆的贝壳*6,,,,枪阶金像*4,战马的幼角*5,凤凰羽毛*4,,,枪阶金像*10,凤凰羽毛*7,极光之钢*10,,,枪之辉石*4,,,,,枪之辉石*10,,,,,枪之魔石*4,,,,,枪之魔石*10,战马的幼角*3,,,,枪之秘石*4,战马的幼角*5,,,,枪之秘石*10,追忆的贝壳*4,,,,追忆的贝壳*8,永远结冰*5,,,,永远结冰*15,真理之卵*8,,,,传承结晶*1,,,,
267,冲田·J·总司,4,Assassin,杀阶银棋*4,,,,,杀阶银棋*10,黑兽脂*4,,,,杀阶金像*4,追忆的贝壳*8,混沌之爪*3,,,杀阶金像*10,混沌之爪*5,蛮神心脏*4,,,杀之辉石*4,,,,,杀之辉石*10,,,,,杀之魔石*4,,,,,杀之魔石*10,追忆的贝壳*4,,,,杀之秘石*4,追忆的贝壳*8,,,,杀之秘石*10,黑兽脂*3,,,,黑兽脂*5,大骑士勋章*10,,,,大骑士勋章*30,晓光炉心*12,,,,传承结晶*1,,,,
268,宇宙伊什塔尔,5,Avenger,八连双晶*10,黑兽脂*10,,,,蛇之宝玉*10,起源的胎毛*10,,,,血之泪石*10,晓光炉心*10,,,,智慧之圣甲虫像*10,蛮神心脏*10,,,,无间齿轮*10,,,,,凤凰羽毛*10,,,,,魔术髓液*12,,,,,宵泣之铁桩*12,,,,,振荡火药*12,,,,,极光之钢*15,,,,,咒兽胆石*15,,,,,真理之卵*15,,,,,传承结晶*1,,,,
269,灾星简,4,Archer,弓阶银棋*4,,,,,弓阶银棋*10,虚影之尘*12,,,,弓阶金像*4,振荡火药*24,凤凰羽毛*4,,,弓阶金像*10,凤凰羽毛*7,混沌之爪*6,,,弓之辉石*4,,,,,弓之辉石*10,,,,,弓之魔石*4,,,,,弓之魔石*10,振荡火药*12,,,,弓之秘石*4,振荡火药*24,,,,弓之秘石*10,虚影之尘*8,,,,虚影之尘*16,永远结冰*5,,,,永远结冰*15,祸罪的箭镞*20,,,,传承结晶*1,,,,
270,阿斯托尔福,5,Saber,剑阶银棋*5,,,,,剑阶银棋*12,英雄之证*22,,,,剑阶金像*5,大骑士勋章*20,战马的幼角*3,,,剑阶金像*12,战马的幼角*6,龙之逆鳞*5,,,剑之辉石*5,,,,,剑之辉石*12,,,,,剑之魔石*5,,,,,剑之魔石*12,大骑士勋章*10,,,,剑之秘石*5,大骑士勋章*20,,,,剑之秘石*12,英雄之证*15,,,,英雄之证*29,极光之钢*6,,,,极光之钢*18,巨人的指环*24,,,,传承结晶*1,,,,
271,南丁格尔〔圣诞〕,4,Archer,献身提灯*1,,,,,献身提灯*1,,,,,献身提灯*1,,,,,献身提灯*1,,,,,弓之辉石*4,,,,,弓之辉石*10,,,,,弓之魔石*4,,,,,弓之魔石*10,人工生命体幼体*4,,,,弓之秘石*4,人工生命体幼体*8,,,,弓之秘石*10,封魔之灯*3,,,,封魔之灯*5,魔术髓液*15,,,,魔术髓液*45,振荡火药*60,,,,传承结晶*1,,,,
272,超人俄里翁,5,Archer,弓阶银棋*5,,,,,弓阶银棋*12,英雄之证*22,,,,弓阶金像*5,八连双晶*10,起源的胎毛*3,,,弓阶金像*12,起源的胎毛*6,咒兽胆石*5,,,弓之辉石*5,,,,,弓之辉石*12,,,,,弓之魔石*5,,,,,弓之魔石*12,八连双晶*5,,,,弓之秘石*5,八连双晶*10,,,,弓之秘石*12,英雄之证*15,,,,英雄之证*29,祸罪的箭镞*6,,,,祸罪的箭镞*18,煌星的碎片*10,,,,传承结晶*1,,,,
273,曼迪卡尔多,3,Rider,骑阶银棋*4,,,,,骑阶银棋*8,虚影之尘*10,,,,骑阶金像*4,愚者之锁*20,陨蹄铁*4,,,骑阶金像*8,陨蹄铁*7,大骑士勋章*16,,,骑之辉石*4,,,,,骑之辉石*8,,,,,骑之魔石*4,,,,,骑之魔石*8,愚者之锁*10,,,,骑之秘石*4,愚者之锁*20,,,,骑之秘石*8,虚影之尘*7,,,,虚影之尘*13,战马的幼角*3,,,,战马的幼角*8,光银之冠*16,,,,传承结晶*1,,,,
274,欧罗巴,5,Rider,骑阶银棋*5,,,,,骑阶银棋*12,世界树之种*9,,,,骑阶金像*5,精灵根*4,晓光炉心*3,,,骑阶金像*12,晓光炉心*6,煌星的碎片*5,,,骑之辉石*5,,,,,骑之辉石*12,,,,,骑之魔石*5,,,,,骑之魔石*12,精灵根*2,,,,骑之秘石*5,精灵根*4,,,,骑之秘石*12,世界树之种*6,,,,世界树之种*12,光银之冠*6,,,,光银之冠*12,煌星的碎片*10,,,,传承结晶*1,,,,
275,杨贵妃,5,Foreigner,凶骨*10,虚影之尘*10,,,,凤凰羽毛*10,混沌之爪*10,,,,血之泪石*10,智慧之圣甲虫像*10,,,,封魔之灯*10,蛮神心脏*10,,,,愚者之锁*10,,,,,鬼魂提灯*10,,,,,蛇之宝玉*12,,,,,宵泣之铁桩*12,,,,,闲古铃*12,,,,,晓光炉心*15,,,,,九十九镜*15,,,,,煌星的碎片*15,,,,,传承结晶*1,,,,
276,清少纳言,5,Archer,弓阶银棋*5,,,,,弓阶银棋*12,枯淡勾玉*8,,,,弓阶金像*5,极光之钢*10,闲古铃*5,,,弓阶金像*12,闲古铃*10,煌星的碎片*5,,,弓之辉石*5,,,,,弓之辉石*12,,,,,弓之魔石*5,,,,,弓之魔石*12,极光之钢*5,,,,弓之秘石*5,极光之钢*10,,,,弓之秘石*12,枯淡勾玉*5,,,,枯淡勾玉*10,九十九镜*5,,,,九十九镜*10,煌星的碎片*5,,,,传承结晶*1,,,,
277,奥德修斯,5,Rider,骑阶银棋*5,,,,,骑阶银棋*12,无间齿轮*8,,,,骑阶金像*5,陨蹄铁*10,凤凰羽毛*4,,,骑阶金像*12,凤凰羽毛*8,智慧之圣甲虫像*5,,,骑之辉石*5,,,,,骑之辉石*12,,,,,骑之魔石*5,,,,,骑之魔石*12,陨蹄铁*5,,,,骑之秘石*5,陨蹄铁*10,,,,骑之秘石*12,无间齿轮*5,,,,无间齿轮*10,晓光炉心*4,,,,晓光炉心*11,光银之冠*24,,,,传承结晶*1,,,,
